Using CSV: videos/2026-04-17-16:55:29/zed/302899467_imu.csv
1561
Timestamp range: [1776416150085199000, 1776416202099067000]
Sampled timestamps: [1776416153435311000, 1776416153459976000, 1776416153479897000, 1776416153525132000, 1776416153570843000, 1776416153600053000, 1776416153640920000, 1776416153661089000, 1776416153705716000, 1776416153725845000, 1776416153771086000, 1776416153796244000, 1776416153831581000, 1776416153861650000, 1776416153881710000, 1776416153921910000, 1776416153966530000, 1776416153986891000, 1776416154031615000, 1776416154072145000, 1776416154096839000, 1776416154116822000, 1776416154161486000, 1776416154181978000, 1776416154231819000, 1776416154271728000, 1776416154291749000, 1776416154332064000, 1776416154357308000, 1776416154397460000, 1776416154427754000, 1776416154463431000, 1776416154483791000, 1776416154533018000, 1776416154568850000, 1776416154593353000, 1776416154638000000, 1776416154663342000, 1776416154688163000, 1776416154737589000, 1776416154774107000, 1776416154783674000, 1776416154823678000, 1776416154873201000, 1776416154897927000, 1776416154938818000, 1776416154968832000, 1776416154993596000, 1776416155034550000, 1776416155075167000, 1776416155095469000, 1776416155135614000, 1776416155160567000, 1776416155185728000, 1776416155230966000, 1776416155270667000, 1776416155295290000, 1776416155340562000, 1776416155365221000, 1776416155410807000, 1776416155431015000, 1776416155475639000, 1776416155496206000, 1776416155520930000, 1776416155570532000, 1776416155595209000, 1776416155636147000, 1776416155660811000, 1776416155701359000, 1776416155726452000, 1776416155746743000, 1776416155791830000, 1776416155821174000, 1776416155866109000, 1776416155886359000, 1776416155936135000, 1776416155961136000, 1776416155991411000, 1776416156031731000, 1776416156071827000, 1776416156092480000, 1776416156117421000, 1776416156172497000, 1776416156197712000, 1776416156232480000, 1776416156267101000, 1776416156306816000, 1776416156326771000, 1776416156372546000, 1776416156397624000, 1776416156422808000, 1776416156458438000, 1776416156498731000, 1776416156527992000, 1776416156553242000, 1776416156603318000, 1776416156627928000, 1776416156673234000, 1776416156698578000, 1776416156727785000, 1776416156767752000, 1776416156792674000, 1776416156837951000, 1776416156863575000, 1776416156893675000, 1776416156933113000, 1776416156963393000, 1776416156988449000, 1776416157038812000, 1776416157068408000, 1776416157093436000, 1776416157119108000, 1776416157168626000, 1776416157194546000, 1776416157224067000, 1776416157249384000, 1776416157299067000, 1776416157323894000, 1776416157373924000, 1776416157394508000, 1776416157440083000, 1776416157464584000, 1776416157490229000, 1776416157516435000, 1776416157575132000, 1776416157595507000, 1776416157630361000, 1776416157661943000, 1776416157691147000, 1776416157741446000, 1776416157766359000, 1776416157786499000, 1776416157836993000, 1776416157861906000, 1776416157896352000, 1776416157931690000, 1776416157956615000, 1776416157986892000, 1776416158022196000, 1776416158051497000, 1776416158101897000, 1776416158126530000, 1776416158142889000, 1776416158197194000, 1776416158241744000, 1776416158261861000, 1776416158307265000, 1776416158332032000, 1776416158377046000, 1776416158397089000, 1776416158426874000, 1776416158466678000, 1776416158486901000, 1776416158527376000, 1776416158571766000, 1776416158591532000, 1776416158627858000, 1776416158663243000, 1776416158698835000, 1776416158723723000, 1776416158773583000, 1776416158794030000, 1776416158823490000, 1776416158863782000, 1776416158889543000, 1776416158939812000, 1776416158965002000, 1776416158990200000, 1776416159019782000, 1776416159069970000, 1776416159094794000, 1776416159129724000, 1776416159179425000, 1776416159203860000, 1776416159224359000, 1776416159274662000, 1776416159299741000, 1776416159324634000, 1776416159365258000, 1776416159375279000, 1776416159429893000, 1776416159474850000, 1776416159499414000, 1776416159520197000, 1776416159545506000, 1776416159599872000, 1776416159645758000, 1776416159665866000, 1776416159691127000, 1776416159721154000, 1776416159771211000, 1776416159791659000, 1776416159835961000, 1776416159856223000, 1776416159881577000, 1776416159916718000, 1776416159961623000, 1776416160006801000, 1776416160031284000, 1776416160066848000, 1776416160106973000, 1776416160127192000, 1776416160151827000, 1776416160201652000, 1776416160226429000, 1776416160251453000, 1776416160301715000, 1776416160341365000, 1776416160361596000, 1776416160386553000, 1776416160437005000, 1776416160461816000, 1776416160506581000, 1776416160527015000, 1776416160552658000, 1776416160582122000, 1776416160632158000, 1776416160657684000, 1776416160707208000, 1776416160732689000, 1776416160758153000, 1776416160808415000, 1776416160828794000, 1776416160853901000, 1776416160903754000, 1776416160928121000, 1776416160969097000, 1776416160993837000, 1776416161019346000, 1776416161069024000, 1776416161094524000, 1776416161144043000, 1776416161168532000, 1776416161213597000, 1776416161238308000, 1776416161259275000, 1776416161284131000, 1776416161334091000, 1776416161359218000, 1776416161408967000, 1776416161433676000, 1776416161458862000, 1776416161483614000, 1776416161524370000, 1776416161570027000, 1776416161599211000, 1776416161624030000, 1776416161669140000, 1776416161694840000, 1776416161719496000, 1776416161760228000, 1776416161799826000, 1776416161824918000, 1776416161865300000, 1776416161900211000, 1776416161925380000, 1776416161950480000, 1776416161975749000, 1776416162026407000, 1776416162056273000, 1776416162101633000, 1776416162121327000, 1776416162166765000, 1776416162207418000, 1776416162236669000, 1776416162253549000, 1776416162307794000, 1776416162333179000, 1776416162357723000, 1776416162387911000, 1776416162437017000, 1776416162453341000, 1776416162487531000, 1776416162517493000, 1776416162567261000, 1776416162592484000, 1776416162617671000, 1776416162662122000, 1776416162697787000, 1776416162722270000, 1776416162767310000, 1776416162787143000, 1776416162827913000, 1776416162872229000, 1776416162892948000, 1776416162938122000, 1776416162962768000, 1776416162987919000, 1776416163038520000, 1776416163038520000, 1776416163093790000, 1776416163118738000, 1776416163168166000, 1776416163188890000, 1776416163228693000, 1776416163253111000, 1776416163293149000, 1776416163318100000, 1776416163369101000, 1776416163394618000, 1776416163419825000, 1776416163454831000, 1776416163495035000, 1776416163515213000, 1776416163560511000, 1776416163585377000, 1776416163635541000, 1776416163660118000, 1776416163685313000, 1776416163734807000, 1776416163775195000, 1776416163795023000, 1776416163809683000, 1776416163870829000, 1776416163907794000, 1776416163932336000, 1776416163957525000, 1776416164001969000, 1776416164026704000, 1776416164051803000, 1776416164081475000, 1776416164106216000, 1776416164156813000, 1776416164181674000, 1776416164231142000, 1776416164280663000, 1776416164300962000, 1776416164326101000, 1776416164352636000, 1776416164401471000, 1776416164421129000, 1776416164461319000, 1776416164491589000, 1776416164526374000, 1776416164571784000, 1776416164596719000, 1776416164617007000, 1776416164666570000, 1776416164707700000, 1776416164732800000, 1776416164752725000, 1776416164802729000, 1776416164827550000, 1776416164848212000, 1776416164888868000, 1776416164933267000, 1776416164963494000, 1776416164997769000, 1776416165037642000, 1776416165057779000, 1776416165107882000, 1776416165132569000, 1776416165163291000, 1776416165198631000, 1776416165243815000, 1776416165268442000, 1776416165288580000, 1776416165313705000, 1776416165359626000, 1776416165384018000, 1776416165424402000, 1776416165449080000, 1776416165494250000, 1776416165534658000, 1776416165559824000, 1776416165599611000, 1776416165619674000, 1776416165665151000, 1776416165710337000, 1776416165730997000, 1776416165760199000, 1776416165784993000, 1776416165834828000, 1776416165875168000, 1776416165896956000, 1776416165921424000, 1776416165946734000, 1776416165996942000, 1776416166022199000, 1776416166067134000, 1776416166092193000, 1776416166142127000, 1776416166166390000, 1776416166186816000, 1776416166231727000, 1776416166256388000, 1776416166306418000, 1776416166331703000, 1776416166371760000, 1776416166401771000, 1776416166426330000, 1776416166451016000, 1776416166496635000, 1776416166547071000, 1776416166567287000, 1776416166592587000, 1776416166618092000, 1776416166662891000, 1776416166687767000, 1776416166737406000, 1776416166757286000, 1776416166802873000, 1776416166828609000, 1776416166853399000, 1776416166903443000, 1776416166927958000, 1776416166972888000, 1776416166998502000, 1776416167027806000, 1776416167053685000, 1776416167108314000, 1776416167133484000, 1776416167158314000, 1776416167198814000, 1776416167219155000, 1776416167269050000, 1776416167289456000, 1776416167333984000, 1776416167370170000, 1776416167390485000, 1776416167435748000, 1776416167459785000, 1776416167495056000, 1776416167524723000, 1776416167545318000, 1776416167599927000, 1776416167624928000, 1776416167650164000, 1776416167700156000, 1776416167720569000, 1776416167770326000, 1776416167795338000, 1776416167820283000, 1776416167870750000, 1776416167891763000, 1776416167936344000, 1776416167956449000, 1776416168001657000, 1776416168036811000, 1776416168066064000, 1776416168090704000, 1776416168121428000, 1776416168162001000, 1776416168191070000, 1776416168236516000, 1776416168256963000, 1776416168282287000, 1776416168311760000, 1776416168366994000, 1776416168392290000, 1776416168446386000, 1776416168462771000, 1776416168511552000, 1776416168531351000, 1776416168572047000, 1776416168596473000, 1776416168621350000, 1776416168671660000, 1776416168696890000, 1776416168722092000, 1776416168772251000, 1776416168797078000, 1776416168817448000, 1776416168868510000, 1776416168913817000, 1776416168938200000, 1776416168959084000, 1776416168988046000, 1776416169023157000, 1776416169058630000, 1776416169103892000, 1776416169128366000, 1776416169173557000, 1776416169197852000, 1776416169243492000, 1776416169268913000, 1776416169298520000, 1776416169324215000, 1776416169349541000, 1776416169404039000, 1776416169429106000, 1776416169454246000, 1776416169479405000, 1776416169530060000, 1776416169555055000, 1776416169600685000, 1776416169625890000, 1776416169670500000, 1776416169690426000, 1776416169735859000, 1776416169760360000, 1776416169785477000, 1776416169820848000, 1776416169865447000, 1776416169915131000, 1776416169930845000, 1776416169955246000, 1776416169981079000, 1776416170031355000, 1776416170056198000, 1776416170091157000, 1776416170131708000, 1776416170161193000, 1776416170186852000, 1776416170237080000, 1776416170261877000, 1776416170286436000, 1776416170311533000, 1776416170361550000, 1776416170391176000, 1776416170416656000, 1776416170467222000, 1776416170496896000, 1776416170546982000, 1776416170567286000, 1776416170591990000, 1776416170616904000, 1776416170662222000, 1776416170687738000, 1776416170717939000, 1776416170762702000, 1776416170807686000, 1776416170832478000, 1776416170857387000, 1776416170882621000, 1776416170932471000, 1776416170957306000, 1776416171002330000, 1776416171027272000, 1776416171073425000, 1776416171098851000, 1776416171124107000, 1776416171173652000, 1776416171198504000, 1776416171223724000, 1776416171273423000, 1776416171294077000, 1776416171319054000, 1776416171363783000, 1776416171398379000, 1776416171418862000, 1776416171464311000, 1776416171509717000, 1776416171534348000, 1776416171578909000, 1776416171593931000, 1776416171628804000, 1776416171653972000, 1776416171700057000, 1776416171725294000, 1776416171770494000, 1776416171805759000, 1776416171831197000, 1776416171860660000, 1776416171885774000, 1776416171935930000, 1776416171956557000, 1776416172006627000, 1776416172035714000, 1776416172075310000, 1776416172085166000, 1776416172135031000, 1776416172160295000, 1776416172185382000, 1776416172210803000, 1776416172260896000, 1776416172306746000, 1776416172331644000, 1776416172356601000, 1776416172402142000, 1776416172427386000, 1776416172452554000, 1776416172492764000, 1776416172527761000, 1776416172572451000, 1776416172592406000, 1776416172617070000, 1776416172661789000, 1776416172687014000, 1776416172732201000, 1776416172757489000, 1776416172807236000, 1776416172832297000, 1776416172857118000, 1776416172903440000, 1776416172927834000, 1776416172952766000, 1776416172994178000, 1776416173023110000, 1776416173072801000, 1776416173093003000, 1776416173133549000, 1776416173157948000, 1776416173207916000, 1776416173232742000, 1776416173258276000, 1776416173283713000, 1776416173308633000, 1776416173363604000, 1776416173388751000, 1776416173438282000, 1776416173463217000, 1776416173508723000, 1776416173533585000, 1776416173558858000, 1776416173608448000, 1776416173628417000, 1776416173653401000, 1776416173698912000, 1776416173719265000, 1776416173763845000, 1776416173809020000, 1776416173829893000, 1776416173859277000, 1776416173909339000, 1776416173909339000, 1776416173959838000, 1776416174005321000, 1776416174030286000, 1776416174070644000, 1776416174091427000, 1776416174136926000, 1776416174161613000, 1776416174206436000, 1776416174226783000, 1776416174271575000, 1776416174291601000, 1776416174335792000, 1776416174356037000, 1776416174396373000, 1776416174416769000, 1776416174466968000, 1776416174483304000, 1776416174532343000, 1776416174552302000, 1776416174602072000, 1776416174642179000, 1776416174666908000, 1776416174706938000, 1776416174727088000, 1776416174771806000, 1776416174792119000, 1776416174837078000, 1776416174862211000, 1776416174886953000, 1776416174931716000, 1776416174971343000, 1776416175007742000, 1776416175028387000, 1776416175072634000, 1776416175097461000, 1776416175118131000, 1776416175168430000, 1776416175193284000, 1776416175218142000, 1776416175268110000, 1776416175292943000, 1776416175338423000, 1776416175362841000, 1776416175403296000, 1776416175427973000, 1776416175468212000, 1776416175503154000, 1776416175523256000, 1776416175569423000, 1776416175593906000, 1776416175644011000, 1776416175664612000, 1776416175684876000, 1776416175734580000, 1776416175759355000, 1776416175804539000, 1776416175829391000, 1776416175870397000, 1776416175895567000, 1776416175920230000, 1776416175969369000, 1776416175994515000, 1776416176015203000, 1776416176065084000, 1776416176085475000, 1776416176135181000, 1776416176155651000, 1776416176180942000, 1776416176231105000, 1776416176276149000, 1776416176301197000, 1776416176325835000, 1776416176371657000, 1776416176396745000, 1776416176437795000, 1776416176462542000, 1776416176507286000, 1776416176523574000, 1776416176567713000, 1776416176597953000, 1776416176638089000, 1776416176663181000, 1776416176687917000, 1776416176732625000, 1776416176762271000, 1776416176802388000, 1776416176822686000, 1776416176871974000, 1776416176892175000, 1776416176932648000, 1776416176958069000, 1776416176988164000, 1776416177034580000, 1776416177060015000, 1776416177108775000, 1776416177128867000, 1776416177173804000, 1776416177203419000, 1776416177228250000, 1776416177272915000, 1776416177289129000, 1776416177333327000, 1776416177354093000, 1776416177389122000, 1776416177428823000, 1776416177474251000, 1776416177498998000, 1776416177538659000, 1776416177568318000, 1776416177593406000, 1776416177638804000, 1776416177683658000, 1776416177708761000, 1776416177733560000, 1776416177758781000, 1776416177799295000, 1776416177834313000, 1776416177864104000, 1776416177900150000, 1776416177940935000, 1776416177966102000, 1776416178011503000, 1776416178028221000, 1776416178061186000, 1776416178081852000, 1776416178135674000, 1776416178160963000, 1776416178206319000, 1776416178236601000, 1776416178261384000, 1776416178300767000, 1776416178315674000, 1776416178360766000, 1776416178385585000, 1776416178431069000, 1776416178456210000, 1776416178481238000, 1776416178526178000, 1776416178567014000, 1776416178591995000, 1776416178637140000, 1776416178662257000, 1776416178687461000, 1776416178732151000, 1776416178752563000, 1776416178782254000, 1776416178837244000, 1776416178862751000, 1776416178891987000, 1776416178937608000, 1776416178961755000, 1776416179006886000, 1776416179026615000, 1776416179066905000, 1776416179096524000, 1776416179126649000, 1776416179161640000, 1776416179202070000, 1776416179231943000, 1776416179276816000, 1776416179306846000, 1776416179327487000, 1776416179377572000, 1776416179403389000, 1776416179433131000, 1776416179458782000, 1776416179484277000, 1776416179514149000, 1776416179563413000, 1776416179583744000, 1776416179624655000, 1776416179665161000, 1776416179705515000, 1776416179730054000, 1776416179755234000, 1776416179784595000, 1776416179830126000, 1776416179864725000, 1776416179900118000, 1776416179930185000, 1776416179960888000, 1776416179996245000, 1776416180020854000, 1776416180046127000, 1776416180100344000, 1776416180120836000, 1776416180160889000, 1776416180195923000, 1776416180220626000, 1776416180260954000, 1776416180301128000, 1776416180335553000, 1776416180360774000, 1776416180386148000, 1776416180431260000, 1776416180466578000, 1776416180491680000, 1776416180527084000, 1776416180567415000, 1776416180597245000, 1776416180622026000, 1776416180671376000, 1776416180696123000, 1776416180726094000, 1776416180766881000, 1776416180791741000, 1776416180837261000, 1776416180862245000, 1776416180887745000, 1776416180917221000, 1776416180962528000, 1776416180987497000, 1776416181037161000, 1776416181053923000, 1776416181082836000, 1776416181133026000, 1776416181157944000, 1776416181183348000, 1776416181233156000, 1776416181258289000, 1776416181283359000, 1776416181333793000, 1776416181358176000, 1776416181398620000, 1776416181423233000, 1776416181467794000, 1776416181488211000, 1776416181517980000, 1776416181562764000, 1776416181603943000, 1776416181628707000, 1776416181653758000, 1776416181699820000, 1776416181734490000, 1776416181769205000, 1776416181793951000, 1776416181814391000, 1776416181859481000, 1776416181884456000, 1776416181934145000, 1776416181974223000, 1776416181995082000, 1776416182040359000, 1776416182060426000, 1776416182101536000, 1776416182126707000, 1776416182171627000, 1776416182191961000, 1776416182232065000, 1776416182267055000, 1776416182296861000, 1776416182321287000, 1776416182362142000, 1776416182387145000, 1776416182436781000, 1776416182461886000, 1776416182487076000, 1776416182511736000, 1776416182557259000, 1776416182602215000, 1776416182626789000, 1776416182671614000, 1776416182691968000, 1776416182712315000, 1776416182762089000, 1776416182806668000, 1776416182831666000, 1776416182861395000, 1776416182881228000, 1776416182916641000, 1776416182971929000, 1776416182997218000, 1776416183042642000, 1776416183067201000, 1776416183107033000, 1776416183127247000, 1776416183167207000, 1776416183217357000, 1776416183217357000, 1776416183267577000, 1776416183292383000, 1776416183337965000, 1776416183363523000, 1776416183393507000, 1776416183418425000, 1776416183468597000, 1776416183493735000, 1776416183538971000, 1776416183563611000, 1776416183584047000, 1776416183634287000, 1776416183659146000, 1776416183699652000, 1776416183723930000, 1776416183765255000, 1776416183789739000, 1776416183834084000, 1776416183854898000, 1776416183900132000, 1776416183924891000, 1776416183945596000, 1776416183996085000, 1776416184020274000, 1776416184075195000, 1776416184091873000, 1776416184130385000, 1776416184170600000, 1776416184200219000, 1776416184225164000, 1776416184270416000, 1776416184295509000, 1776416184331279000, 1776416184380986000, 1776416184400932000, 1776416184421446000, 1776416184475769000, 1776416184495904000, 1776416184541556000, 1776416184566488000, 1776416184582914000, 1776416184637200000, 1776416184657458000, 1776416184707626000, 1776416184732430000, 1776416184771719000, 1776416184793366000, 1776416184822049000, 1776416184866953000, 1776416184897520000, 1776416184932869000, 1776416184958104000, 1776416185008334000, 1776416185032917000, 1776416185077517000, 1776416185102731000, 1776416185127443000, 1776416185152965000, 1776416185202499000, 1776416185222972000, 1776416185248312000, 1776416185302571000, 1776416185323146000, 1776416185348050000, 1776416185398446000, 1776416185423323000, 1776416185468374000, 1776416185493761000, 1776416185518699000, 1776416185564592000, 1776416185589072000, 1776416185634164000, 1776416185668592000, 1776416185693970000, 1776416185719454000, 1776416185774632000, 1776416185795096000, 1776416185819166000, 1776416185869122000, 1776416185894461000, 1776416185944775000, 1776416185969733000, 1776416186000283000, 1776416186025484000, 1776416186069879000, 1776416186090411000, 1776416186115362000, 1776416186164954000, 1776416186189742000, 1776416186215045000, 1776416186265052000, 1776416186285933000, 1776416186320495000, 1776416186361426000, 1776416186386643000, 1776416186436801000, 1776416186481135000, 1776416186501867000, 1776416186521911000, 1776416186562012000, 1776416186601850000, 1776416186627015000, 1776416186647311000, 1776416186697598000, 1776416186726841000, 1776416186771885000, 1776416186796600000, 1776416186821576000, 1776416186867077000, 1776416186892201000, 1776416186941872000, 1776416186963320000, 1776416186992635000, 1776416187017884000, 1776416187042746000, 1776416187096979000, 1776416187117323000, 1776416187167588000, 1776416187187387000, 1776416187232089000, 1776416187252610000, 1776416187307829000, 1776416187332670000, 1776416187358099000, 1776416187408425000, 1776416187432627000, 1776416187452909000, 1776416187507756000, 1776416187528365000, 1776416187553248000, 1776416187602861000, 1776416187614706000, 1776416187648384000, 1776416187698133000, 1776416187723539000, 1776416187768874000, 1776416187789202000, 1776416187839018000, 1776416187864244000, 1776416187889310000, 1776416187934699000, 1776416187959144000, 1776416188004308000, 1776416188034048000, 1776416188074138000, 1776416188104484000, 1776416188125129000, 1776416188170942000, 1776416188195950000, 1776416188220165000, 1776416188255248000, 1776416188292112000, 1776416188325773000, 1776416188350756000, 1776416188391240000, 1776416188436349000, 1776416188461233000, 1776416188485817000, 1776416188535323000, 1776416188576247000, 1776416188601185000, 1776416188621637000, 1776416188667244000, 1776416188687471000, 1776416188732412000, 1776416188757454000, 1776416188801710000, 1776416188822346000, 1776416188867781000, 1776416188892634000, 1776416188936848000, 1776416188977017000, 1776416188997379000, 1776416189022356000, 1776416189052588000, 1776416189102594000, 1776416189127544000, 1776416189152265000, 1776416189197876000, 1776416189223250000, 1776416189248305000, 1776416189298139000, 1776416189322969000, 1776416189348601000, 1776416189393949000, 1776416189440092000, 1776416189464759000, 1776416189489027000, 1776416189528622000, 1776416189568183000, 1776416189608134000, 1776416189608134000, 1776416189658175000, 1776416189708105000, 1776416189728532000, 1776416189753526000, 1776416189793797000, 1776416189823979000, 1776416189853511000, 1776416189899069000, 1776416189923523000, 1776416189964060000, 1776416189984497000, 1776416190034198000, 1776416190059037000, 1776416190084118000, 1776416190129732000, 1776416190146457000, 1776416190196173000, 1776416190220789000, 1776416190261223000, 1776416190286558000, 1776416190331788000, 1776416190352864000, 1776416190402320000, 1776416190426849000, 1776416190447451000, 1776416190497466000, 1776416190522540000, 1776416190556952000, 1776416190591161000, 1776416190611911000, 1776416190661118000, 1776416190700932000, 1776416190746206000, 1776416190746206000, 1776416190792212000, 1776416190837635000, 1776416190857598000, 1776416190902398000, 1776416190927258000, 1776416190971722000, 1776416190991889000, 1776416191037020000, 1776416191057256000, 1776416191102303000, 1776416191142001000, 1776416191162300000, 1776416191197148000, 1776416191232052000, 1776416191277221000, 1776416191297180000, 1776416191322038000, 1776416191367579000, 1776416191392455000, 1776416191432541000, 1776416191457220000, 1776416191478108000, 1776416191528350000, 1776416191553716000, 1776416191593292000, 1776416191628315000, 1776416191657988000, 1776416191703049000, 1776416191727948000, 1776416191773448000, 1776416191794137000, 1776416191834197000, 1776416191854460000, 1776416191898658000, 1776416191928655000, 1776416191968520000, 1776416191993272000, 1776416192038676000, 1776416192064039000, 1776416192109401000, 1776416192133826000, 1776416192158756000, 1776416192204287000, 1776416192228921000, 1776416192253717000, 1776416192303638000, 1776416192324526000, 1776416192349168000, 1776416192394982000, 1776416192415398000, 1776416192460747000, 1776416192500758000, 1776416192521137000, 1776416192562417000, 1776416192591740000, 1776416192616813000, 1776416192661953000, 1776416192701854000, 1776416192726900000, 1776416192752203000, 1776416192802379000, 1776416192827485000, 1776416192866925000, 1776416192896904000, 1776416192917592000, 1776416192971603000, 1776416192991805000, 1776416193037155000, 1776416193061956000, 1776416193097021000, 1776416193137859000, 1776416193167082000, 1776416193187438000, 1776416193232425000, 1776416193252658000, 1776416193297415000, 1776416193317991000, 1776416193368460000, 1776416193393451000, 1776416193428357000, 1776416193463196000, 1776416193483306000, 1776416193528717000, 1776416193578419000, 1776416193603076000, 1776416193618749000, 1776416193668532000, 1776416193693113000, 1776416193724757000, 1776416193753296000, 1776416193799485000, 1776416193820001000, 1776416193869254000, 1776416193889001000, 1776416193913740000, 1776416193968525000, 1776416193993412000, 1776416194014263000, 1776416194068549000, 1776416194093852000, 1776416194118841000, 1776416194153734000, 1776416194209285000, 1776416194229736000, 1776416194279150000, 1776416194299732000, 1776416194324153000, 1776416194364864000, 1776416194390272000, 1776416194440153000, 1776416194465415000, 1776416194485982000, 1776416194536500000, 1776416194566290000, 1776416194586684000, 1776416194626215000, 1776416194666509000, 1776416194705982000, 1776416194736424000, 1776416194756641000, 1776416194801380000, 1776416194841498000, 1776416194861678000, 1776416194911725000, 1776416194936218000, 1776416194956337000, 1776416195001555000, 1776416195041659000, 1776416195062229000, 1776416195091465000, 1776416195136567000, 1776416195157318000, 1776416195186714000, 1776416195232017000, 1776416195256997000, 1776416195302234000, 1776416195322650000, 1776416195368399000, 1776416195408363000, 1776416195438591000, 1776416195482659000, 1776416195502754000, 1776416195527408000, 1776416195547781000, 1776416195597908000, 1776416195623322000, 1776416195648566000, 1776416195678115000, 1776416195727748000, 1776416195748316000, 1776416195783210000, 1776416195823417000, 1776416195868966000, 1776416195893517000, 1776416195918865000, 1776416195964359000, 1776416195985197000, 1776416196024683000, 1776416196064685000, 1776416196085087000, 1776416196134879000, 1776416196160020000, 1776416196185319000, 1776416196235498000, 1776416196260165000, 1776416196285128000, 1776416196330416000, 1776416196359562000, 1776416196405045000, 1776416196434362000, 1776416196459308000, 1776416196505391000, 1776416196530883000, 1776416196570785000, 1776416196596247000, 1776416196620416000, 1776416196665526000, 1776416196690158000, 1776416196730452000, 1776416196760305000, 1776416196785990000, 1776416196831146000, 1776416196860853000, 1776416196890475000, 1776416196935799000, 1776416196956453000, 1776416196991635000, 1776416197026840000, 1776416197052287000, 1776416197102308000, 1776416197131989000, 1776416197157270000, 1776416197181957000, 1776416197227231000, 1776416197272937000, 1776416197297691000, 1776416197322827000, 1776416197348148000, 1776416197398361000, 1776416197433956000, 1776416197467838000, 1776416197492765000, 1776416197537955000, 1776416197558089000, 1776416197603242000, 1776416197632965000, 1776416197658516000, 1776416197702723000, 1776416197723441000, 1776416197768588000, 1776416197798554000, 1776416197824036000, 1776416197873993000, 1776416197899608000, 1776416197924727000, 1776416197949645000, 1776416197999494000, 1776416198024871000, 1776416198046492000, 1776416198104679000, 1776416198125238000, 1776416198174895000, 1776416198195330000, 1776416198235105000, 1776416198264613000, 1776416198289594000, 1776416198335167000, 1776416198360318000, 1776416198409851000, 1776416198434885000, 1776416198459621000, 1776416198484329000, 1776416198544534000, 1776416198574895000, 1776416198595200000, 1776416198635496000, 1776416198665180000, 1776416198690070000, 1776416198735462000, 1776416198760895000, 1776416198790703000, 1776416198836058000, 1776416198856464000, 1776416198894309000, 1776416198927250000, 1776416198952594000, 1776416198977781000, 1776416199032389000, 1776416199057268000, 1776416199107616000, 1776416199137610000, 1776416199163017000, 1776416199207709000, 1776416199232431000, 1776416199267244000, 1776416199306847000, 1776416199326935000, 1776416199351762000, 1776416199403008000, 1776416199427656000, 1776416199468064000, 1776416199493252000, 1776416199517978000, 1776416199567784000, 1776416199588310000, 1776416199617866000, 1776416199663889000, 1776416199688862000, 1776416199738738000, 1776416199758788000, 1776416199803495000, 1776416199829007000, 1776416199853768000, 1776416199898666000, 1776416199923751000, 1776416199948296000, 1776416199997859000, 1776416200013792000, 1776416200062972000, 1776416200103287000, 1776416200123866000, 1776416200154244000, 1776416200198880000, 1776416200224060000, 1776416200265159000, 1776416200289851000, 1776416200329940000, 1776416200360290000, 1776416200385342000, 1776416200430327000, 1776416200455534000, 1776416200506087000, 1776416200531353000, 1776416200560707000, 1776416200605905000, 1776416200626163000, 1776416200675717000, 1776416200700512000, 1776416200725224000, 1776416200746279000, 1776416200800947000, 1776416200821767000, 1776416200870866000, 1776416200891367000, 1776416200937120000, 1776416200957105000, 1776416200992343000, 1776416201027062000, 1776416201071573000, 1776416201092129000, 1776416201137233000, 1776416201161549000, 1776416201196796000, 1776416201222202000, 1776416201272143000, 1776416201311963000, 1776416201332081000, 1776416201352198000, 1776416201397555000, 1776416201422503000, 1776416201472412000, 1776416201497427000, 1776416201532612000, 1776416201573213000, 1776416201602889000, 1776416201643062000, 1776416201667735000, 1776416201693202000, 1776416201743409000, 1776416201767712000, 1776416201807475000, 1776416201832388000, 1776416201853020000, 1776416201903629000, 1776416201928832000, 1776416201953716000, 1776416202003722000, 1776416202023286000, 1776416202064278000, 1776416202099067000]
Opened videos/2026-04-17-16:55:29/zed/302899467.svo2
Opened videos/2026-04-17-16:55:29/zed/303008978.svo2
Opened videos/2026-04-17-16:55:29/zed/304203361.svo2
Opened videos/2026-04-17-16:55:29/zed/304866636.svo2
Opened videos/2026-04-17-16:55:29/zed/306087165.svo2
Opened videos/2026-04-17-16:55:29/zed/306714077.svo2
Opened videos/2026-04-17-16:55:29/zed/306854655.svo2
Opened videos/2026-04-17-16:55:29/zed/308314642.svo2

── Timestamp 1776416153435311000 ──
sampled=1776416153435311000  real_target(cam0)=1776416153432808000
  cam1: 1776416153432905000  diff=+0.097ms
  cam2: 1776416153432796000  diff=-0.012ms
  cam3: 1776416153432933000  diff=+0.125ms
  cam4: 1776416153432873000  diff=+0.065ms
  cam5: 1776416153432813000  diff=+0.005ms
  cam6: 1776416153433077000  diff=+0.269ms
  cam7: 1776416153432896000  diff=+0.088ms
Saved /home/acerobotics/Development/zed8cam/python/checker_results/20260417_170754_00001_1776416153435311000.jpg

── Timestamp 1776416153459976000 ──
sampled=1776416153459976000  real_target(cam0)=1776416153466171000
  cam1: 1776416153466157000  diff=-0.014ms
  cam2: 1776416153466153000  diff=-0.018ms
  cam3: 1776416153466176000  diff=+0.005ms
  cam4: 1776416153466173000  diff=+0.002ms
  cam5: 1776416153466190000  diff=+0.019ms
  cam6: 1776416153466205000  diff=+0.034ms
  cam7: 1776416153466204000  diff=+0.033ms
Saved /home/acerobotics/Development/zed8cam/python/checker_results/20260417_170754_00002_1776416153459976000.jpg

── Timestamp 1776416153479897000 ──
sampled=1776416153479897000  real_target(cam0)=1776416153466171000
  cam1: 1776416153466157000  diff=-0.014ms
  cam2: 1776416153466153000  diff=-0.018ms
  cam3: 1776416153466176000  diff=+0.005ms
  cam4: 1776416153466173000  diff=+0.002ms
  cam5: 1776416153466190000  diff=+0.019ms
  cam6: 1776416153466205000  diff=+0.034ms
  cam7: 1776416153466204000  diff=+0.033ms
Saved /home/acerobotics/Development/zed8cam/python/checker_results/20260417_170754_00003_1776416153479897000.jpg

── Timestamp 1776416153525132000 ──
sampled=1776416153525132000  real_target(cam0)=1776416153532796000
  cam1: 1776416153532999000  diff=+0.203ms
  cam2: 1776416153532791000  diff=-0.005ms
  cam3: 1776416153532823000  diff=+0.027ms
  cam4: 1776416153533146000  diff=+0.350ms
  cam5: 1776416153532807000  diff=+0.011ms
  cam6: 1776416153533025000  diff=+0.229ms
  cam7: 1776416153532751000  diff=-0.045ms
Saved /home/acerobotics/Development/zed8cam/python/checker_results/20260417_170754_00004_1776416153525132000.jpg

── Timestamp 1776416153570843000 ──
sampled=1776416153570843000  real_target(cam0)=1776416153566131000
  cam1: 1776416153566145000  diff=+0.014ms
  cam2: 1776416153566127000  diff=-0.004ms
  cam3: 1776416153566356000  diff=+0.225ms
  cam4: 1776416153566351000  diff=+0.220ms
  cam5: 1776416153566174000  diff=+0.043ms
  cam6: 1776416153567075000  diff=+0.944ms
  cam7: 1776416153566090000  diff=-0.041ms
Saved /home/acerobotics/Development/zed8cam/python/checker_results/20260417_170754_00005_1776416153570843000.jpg

── Timestamp 1776416153600053000 ──
sampled=1776416153600053000  real_target(cam0)=1776416153599532000
  cam1: 1776416153599475000  diff=-0.057ms
  cam2: 1776416153599458000  diff=-0.074ms
  cam3: 1776416153599489000  diff=-0.043ms
  cam4: 1776416153599684000  diff=+0.152ms
  cam5: 1776416153599465000  diff=-0.067ms
  cam6: 1776416153599710000  diff=+0.178ms
  cam7: 1776416153599433000  diff=-0.099ms
Saved /home/acerobotics/Development/zed8cam/python/checker_results/20260417_170754_00006_1776416153600053000.jpg

── Timestamp 1776416153640920000 ──
sampled=1776416153640920000  real_target(cam0)=1776416153632817000
  cam1: 1776416153632827000  diff=+0.010ms
  cam2: 1776416153632807000  diff=-0.010ms
  cam3: 1776416153633349000  diff=+0.532ms
  cam4: 1776416153632838000  diff=+0.021ms
  cam5: 1776416153632831000  diff=+0.014ms
  cam6: 1776416153633366000  diff=+0.549ms
  cam7: 1776416153632884000  diff=+0.067ms
Saved /home/acerobotics/Development/zed8cam/python/checker_results/20260417_170754_00007_1776416153640920000.jpg

── Timestamp 1776416153661089000 ──
sampled=1776416153661089000  real_target(cam0)=1776416153666145000
  cam1: 1776416153666466000  diff=+0.321ms
  cam2: 1776416153666128000  diff=-0.017ms
  cam3: 1776416153666603000  diff=+0.458ms
  cam4: 1776416153666887000  diff=+0.742ms
  cam5: 1776416153666303000  diff=+0.158ms
  cam6: 1776416153667033000  diff=+0.888ms
  cam7: 1776416153666085000  diff=-0.060ms
Saved /home/acerobotics/Development/zed8cam/python/checker_results/20260417_170754_00008_1776416153661089000.jpg

── Timestamp 1776416153705716000 ──
sampled=1776416153705716000  real_target(cam0)=1776416153699490000
  cam1: 1776416153699725000  diff=+0.235ms
  cam2: 1776416153699469000  diff=-0.021ms
  cam3: 1776416153699865000  diff=+0.375ms
  cam4: 1776416153699880000  diff=+0.390ms
  cam5: 1776416153699548000  diff=+0.058ms
  cam6: 1776416153699538000  diff=+0.048ms
  cam7: 1776416153699424000  diff=-0.066ms
Saved /home/acerobotics/Development/zed8cam/python/checker_results/20260417_170754_00009_1776416153705716000.jpg

── Timestamp 1776416153725845000 ──
sampled=1776416153725845000  real_target(cam0)=1776416153732812000
  cam1: 1776416153732835000  diff=+0.023ms
  cam2: 1776416153732802000  diff=-0.010ms
  cam3: 1776416153733188000  diff=+0.376ms
  cam4: 1776416153733875000  diff=+1.063ms
  cam5: 1776416153732814000  diff=+0.002ms
  cam6: 1776416153732856000  diff=+0.044ms
  cam7: 1776416153732758000  diff=-0.054ms
Saved /home/acerobotics/Development/zed8cam/python/checker_results/20260417_170754_00010_1776416153725845000.jpg

── Timestamp 1776416153771086000 ──
sampled=1776416153771086000  real_target(cam0)=1776416153766918000
  cam1: 1776416153766722000  diff=-0.196ms
  cam2: 1776416153766314000  diff=-0.604ms
  cam3: 1776416153766334000  diff=-0.584ms
  cam4: 1776416153766315000  diff=-0.603ms
  cam5: 1776416153766562000  diff=-0.356ms
  cam6: 1776416153766895000  diff=-0.023ms
  cam7: 1776416153766073000  diff=-0.845ms
Saved /home/acerobotics/Development/zed8cam/python/checker_results/20260417_170754_00011_1776416153771086000.jpg

── Timestamp 1776416153796244000 ──
sampled=1776416153796244000  real_target(cam0)=1776416153800121000
  cam1: 1776416153799642000  diff=-0.479ms
  cam2: 1776416153799431000  diff=-0.690ms
  cam3: 1776416153799781000  diff=-0.340ms
  cam4: 1776416153799578000  diff=-0.543ms
  cam5: 1776416153799466000  diff=-0.655ms
  cam6: 1776416153799933000  diff=-0.188ms
  cam7: 1776416153799411000  diff=-0.710ms
Saved /home/acerobotics/Development/zed8cam/python/checker_results/20260417_170754_00012_1776416153796244000.jpg

── Timestamp 1776416153831581000 ──
sampled=1776416153831581000  real_target(cam0)=1776416153832987000
  cam1: 1776416153833145000  diff=+0.158ms
  cam2: 1776416153832793000  diff=-0.194ms
  cam3: 1776416153833316000  diff=+0.329ms
  cam4: 1776416153832833000  diff=-0.154ms
  cam5: 1776416153833089000  diff=+0.102ms
  cam6: 1776416153833493000  diff=+0.506ms
  cam7: 1776416153832772000  diff=-0.215ms
Saved /home/acerobotics/Development/zed8cam/python/checker_results/20260417_170754_00013_1776416153831581000.jpg

── Timestamp 1776416153861650000 ──
sampled=1776416153861650000  real_target(cam0)=1776416153866446000
  cam1: 1776416153866704000  diff=+0.258ms
  cam2: 1776416153866268000  diff=-0.178ms
  cam3: 1776416153866847000  diff=+0.401ms
  cam4: 1776416153866099000  diff=-0.347ms
  cam5: 1776416153866157000  diff=-0.289ms
  cam6: 1776416153866287000  diff=-0.159ms
  cam7: 1776416153866107000  diff=-0.339ms
Saved /home/acerobotics/Development/zed8cam/python/checker_results/20260417_170754_00014_1776416153861650000.jpg

── Timestamp 1776416153881710000 ──
sampled=1776416153881710000  real_target(cam0)=1776416153866446000
  cam1: 1776416153866704000  diff=+0.258ms
  cam2: 1776416153866268000  diff=-0.178ms
  cam3: 1776416153866847000  diff=+0.401ms
  cam4: 1776416153866099000  diff=-0.347ms
  cam5: 1776416153866157000  diff=-0.289ms
  cam6: 1776416153866287000  diff=-0.159ms
  cam7: 1776416153866107000  diff=-0.339ms
Saved /home/acerobotics/Development/zed8cam/python/checker_results/20260417_170754_00015_1776416153881710000.jpg

── Timestamp 1776416153921910000 ──
sampled=1776416153921910000  real_target(cam0)=1776416153932783000
  cam1: 1776416153932955000  diff=+0.172ms
  cam2: 1776416153932773000  diff=-0.010ms
  cam3: 1776416153933090000  diff=+0.307ms
  cam4: 1776416153932749000  diff=-0.034ms
  cam5: 1776416153932930000  diff=+0.147ms
  cam6: 1776416153933390000  diff=+0.607ms
  cam7: 1776416153933264000  diff=+0.481ms
Saved /home/acerobotics/Development/zed8cam/python/checker_results/20260417_170754_00016_1776416153921910000.jpg

── Timestamp 1776416153966530000 ──
sampled=1776416153966530000  real_target(cam0)=1776416153966128000
  cam1: 1776416153966184000  diff=+0.056ms
  cam2: 1776416153966134000  diff=+0.006ms
  cam3: 1776416153966330000  diff=+0.202ms
  cam4: 1776416153966097000  diff=-0.031ms
  cam5: 1776416153966301000  diff=+0.173ms
  cam6: 1776416153966596000  diff=+0.468ms
  cam7: 1776416153966469000  diff=+0.341ms
Saved /home/acerobotics/Development/zed8cam/python/checker_results/20260417_170754_00017_1776416153966530000.jpg

── Timestamp 1776416153986891000 ──
sampled=1776416153986891000  real_target(cam0)=1776416153999501000
  cam1: 1776416153999640000  diff=+0.139ms
  cam2: 1776416153999474000  diff=-0.027ms
  cam3: 1776416153999776000  diff=+0.275ms
  cam4: 1776416153999409000  diff=-0.092ms
  cam5: 1776416153999475000  diff=-0.026ms
  cam6: 1776416154000033000  diff=+0.532ms
  cam7: 1776416153999908000  diff=+0.407ms
Saved /home/acerobotics/Development/zed8cam/python/checker_results/20260417_170754_00018_1776416153986891000.jpg

── Timestamp 1776416154031615000 ──
sampled=1776416154031615000  real_target(cam0)=1776416154032932000
  cam1: 1776416154032946000  diff=+0.014ms
  cam2: 1776416154032781000  diff=-0.151ms
  cam3: 1776416154033076000  diff=+0.144ms
  cam4: 1776416154032752000  diff=-0.180ms
  cam5: 1776416154033059000  diff=+0.127ms
  cam6: 1776416154033245000  diff=+0.313ms
  cam7: 1776416154032840000  diff=-0.092ms
Saved /home/acerobotics/Development/zed8cam/python/checker_results/20260417_170754_00019_1776416154031615000.jpg

── Timestamp 1776416154072145000 ──
sampled=1776416154072145000  real_target(cam0)=1776416154066117000
  cam1: 1776416154066291000  diff=+0.174ms
  cam2: 1776416154066108000  diff=-0.009ms
  cam3: 1776416154066127000  diff=+0.010ms
  cam4: 1776416154066075000  diff=-0.042ms
  cam5: 1776416154066285000  diff=+0.168ms
  cam6: 1776416154066452000  diff=+0.335ms
  cam7: 1776416154066297000  diff=+0.180ms
Saved /home/acerobotics/Development/zed8cam/python/checker_results/20260417_170754_00020_1776416154072145000.jpg

── Timestamp 1776416154096839000 ──
sampled=1776416154096839000  real_target(cam0)=1776416154099458000
  cam1: 1776416154099484000  diff=+0.026ms
  cam2: 1776416154099463000  diff=+0.005ms
  cam3: 1776416154099482000  diff=+0.024ms
  cam4: 1776416154099409000  diff=-0.049ms
  cam5: 1776416154099624000  diff=+0.166ms
  cam6: 1776416154099523000  diff=+0.065ms
  cam7: 1776416154099642000  diff=+0.184ms
Saved /home/acerobotics/Development/zed8cam/python/checker_results/20260417_170754_00021_1776416154096839000.jpg

── Timestamp 1776416154116822000 ──
sampled=1776416154116822000  real_target(cam0)=1776416154132955000
  cam1: 1776416154132969000  diff=+0.014ms
  cam2: 1776416154132826000  diff=-0.129ms
  cam3: 1776416154132972000  diff=+0.017ms
  cam4: 1776416154132753000  diff=-0.202ms
  cam5: 1776416154133094000  diff=+0.139ms
  cam6: 1776416154132759000  diff=-0.196ms
  cam7: 1776416154133136000  diff=+0.181ms
Saved /home/acerobotics/Development/zed8cam/python/checker_results/20260417_170754_00022_1776416154116822000.jpg

── Timestamp 1776416154161486000 ──
sampled=1776416154161486000  real_target(cam0)=1776416154168089000
  cam1: 1776416154166843000  diff=-1.246ms
  cam2: 1776416154166822000  diff=-1.267ms
  cam3: 1776416154166978000  diff=-1.111ms
  cam4: 1776416154168425000  diff=+0.336ms
  cam5: 1776416154168296000  diff=+0.207ms
  cam6: 1776416154166813000  diff=-1.276ms
  cam7: 1776416154166593000  diff=-1.496ms
Saved /home/acerobotics/Development/zed8cam/python/checker_results/20260417_170754_00023_1776416154161486000.jpg

── Timestamp 1776416154181978000 ──
sampled=1776416154181978000  real_target(cam0)=1776416154168089000
  cam1: 1776416154166843000  diff=-1.246ms
  cam2: 1776416154166822000  diff=-1.267ms
  cam3: 1776416154166978000  diff=-1.111ms
  cam4: 1776416154168425000  diff=+0.336ms
  cam5: 1776416154168296000  diff=+0.207ms
  cam6: 1776416154166813000  diff=-1.276ms
  cam7: 1776416154166593000  diff=-1.496ms
Saved /home/acerobotics/Development/zed8cam/python/checker_results/20260417_170754_00024_1776416154181978000.jpg

── Timestamp 1776416154231819000 ──
sampled=1776416154231819000  real_target(cam0)=1776416154232949000
  cam1: 1776416154233087000  diff=+0.138ms
  cam2: 1776416154232776000  diff=-0.173ms
  cam3: 1776416154232808000  diff=-0.141ms
  cam4: 1776416154232741000  diff=-0.208ms
  cam5: 1776416154232791000  diff=-0.158ms
  cam6: 1776416154233091000  diff=+0.142ms
  cam7: 1776416154232962000  diff=+0.013ms
Saved /home/acerobotics/Development/zed8cam/python/checker_results/20260417_170754_00025_1776416154231819000.jpg

── Timestamp 1776416154271728000 ──
sampled=1776416154271728000  real_target(cam0)=1776416154268858000
  cam1: 1776416154268992000  diff=+0.134ms
  cam2: 1776416154268640000  diff=-0.218ms
  cam3: 1776416154266135000  diff=-2.723ms
  cam4: 1776416154266078000  diff=-2.780ms
  cam5: 1776416154266124000  diff=-2.734ms
  cam6: 1776416154266450000  diff=-2.408ms
  cam7: 1776416154266316000  diff=-2.542ms
Saved /home/acerobotics/Development/zed8cam/python/checker_results/20260417_170754_00026_1776416154271728000.jpg

── Timestamp 1776416154291749000 ──
sampled=1776416154291749000  real_target(cam0)=1776416154300107000
  cam1: 1776416154300839000  diff=+0.732ms
  cam2: 1776416154299978000  diff=-0.129ms
  cam3: 1776416154301039000  diff=+0.932ms
  cam4: 1776416154299565000  diff=-0.542ms
  cam5: 1776416154299597000  diff=-0.510ms
  cam6: 1776416154299784000  diff=-0.323ms
  cam7: 1776416154299579000  diff=-0.528ms
Saved /home/acerobotics/Development/zed8cam/python/checker_results/20260417_170754_00027_1776416154291749000.jpg

── Timestamp 1776416154332064000 ──
sampled=1776416154332064000  real_target(cam0)=1776416154333368000
  cam1: 1776416154333409000  diff=+0.041ms
  cam2: 1776416154333351000  diff=-0.017ms
  cam3: 1776416154333590000  diff=+0.222ms
  cam4: 1776416154333098000  diff=-0.270ms
  cam5: 1776416154335995000  diff=+2.627ms
  cam6: 1776416154334079000  diff=+0.711ms
  cam7: 1776416154333894000  diff=+0.526ms
Saved /home/acerobotics/Development/zed8cam/python/checker_results/20260417_170754_00028_1776416154332064000.jpg

── Timestamp 1776416154357308000 ──
sampled=1776416154357308000  real_target(cam0)=1776416154366124000
  cam1: 1776416154366444000  diff=+0.320ms
  cam2: 1776416154367843000  diff=+1.719ms
  cam3: 1776416154366575000  diff=+0.451ms
  cam4: 1776416154366077000  diff=-0.047ms
  cam5: 1776416154366290000  diff=+0.166ms
  cam6: 1776416154366839000  diff=+0.715ms
  cam7: 1776416154366715000  diff=+0.591ms
Saved /home/acerobotics/Development/zed8cam/python/checker_results/20260417_170754_00029_1776416154357308000.jpg

── Timestamp 1776416154397460000 ──
sampled=1776416154397460000  real_target(cam0)=1776416154399488000
  cam1: 1776416154399919000  diff=+0.431ms
  cam2: 1776416154399465000  diff=-0.023ms
  cam3: 1776416154400047000  diff=+0.559ms
  cam4: 1776416154399426000  diff=-0.062ms
  cam5: 1776416154399787000  diff=+0.299ms
  cam6: 1776416154399638000  diff=+0.150ms
  cam7: 1776416154399448000  diff=-0.040ms
Saved /home/acerobotics/Development/zed8cam/python/checker_results/20260417_170754_00030_1776416154397460000.jpg

── Timestamp 1776416154427754000 ──
sampled=1776416154427754000  real_target(cam0)=1776416154432794000
  cam1: 1776416154433125000  diff=+0.331ms
  cam2: 1776416154433172000  diff=+0.378ms
  cam3: 1776416154433908000  diff=+1.114ms
  cam4: 1776416154433375000  diff=+0.581ms
  cam5: 1776416154432963000  diff=+0.169ms
  cam6: 1776416154432739000  diff=-0.055ms
  cam7: 1776416154433599000  diff=+0.805ms
Saved /home/acerobotics/Development/zed8cam/python/checker_results/20260417_170754_00031_1776416154427754000.jpg

── Timestamp 1776416154463431000 ──
sampled=1776416154463431000  real_target(cam0)=1776416154466112000
  cam1: 1776416154466596000  diff=+0.484ms
  cam2: 1776416154466101000  diff=-0.011ms
  cam3: 1776416154466122000  diff=+0.010ms
  cam4: 1776416154466346000  diff=+0.234ms
  cam5: 1776416154466459000  diff=+0.347ms
  cam6: 1776416154466272000  diff=+0.160ms
  cam7: 1776416154466142000  diff=+0.030ms
Saved /home/acerobotics/Development/zed8cam/python/checker_results/20260417_170754_00032_1776416154463431000.jpg

── Timestamp 1776416154483791000 ──
sampled=1776416154483791000  real_target(cam0)=1776416154499575000
  cam1: 1776416154499785000  diff=+0.210ms
  cam2: 1776416154500548000  diff=+0.973ms
  cam3: 1776416154499586000  diff=+0.011ms
  cam4: 1776416154499625000  diff=+0.050ms
  cam5: 1776416154499585000  diff=+0.010ms
  cam6: 1776416154499678000  diff=+0.103ms
  cam7: 1776416154499603000  diff=+0.028ms
Saved /home/acerobotics/Development/zed8cam/python/checker_results/20260417_170754_00033_1776416154483791000.jpg

── Timestamp 1776416154533018000 ──
sampled=1776416154533018000  real_target(cam0)=1776416154532767000
  cam1: 1776416154533017000  diff=+0.250ms
  cam2: 1776416154532847000  diff=+0.080ms
  cam3: 1776416154532778000  diff=+0.011ms
  cam4: 1776416154532884000  diff=+0.117ms
  cam5: 1776416154532838000  diff=+0.071ms
  cam6: 1776416154532735000  diff=-0.032ms
  cam7: 1776416154532785000  diff=+0.018ms
Saved /home/acerobotics/Development/zed8cam/python/checker_results/20260417_170754_00034_1776416154533018000.jpg

── Timestamp 1776416154568850000 ──
sampled=1776416154568850000  real_target(cam0)=1776416154566258000
  cam1: 1776416154566263000  diff=+0.005ms
  cam2: 1776416154566241000  diff=-0.017ms
  cam3: 1776416154569273000  diff=+3.015ms
  cam4: 1776416154569277000  diff=+3.019ms
  cam5: 1776416154566248000  diff=-0.010ms
  cam6: 1776416154566297000  diff=+0.039ms
  cam7: 1776416154566290000  diff=+0.032ms
Saved /home/acerobotics/Development/zed8cam/python/checker_results/20260417_170754_00035_1776416154568850000.jpg

── Timestamp 1776416154593353000 ──
sampled=1776416154593353000  real_target(cam0)=1776416154599463000
  cam1: 1776416154599483000  diff=+0.020ms
  cam2: 1776416154599458000  diff=-0.005ms
  cam3: 1776416154599478000  diff=+0.015ms
  cam4: 1776416154599495000  diff=+0.032ms
  cam5: 1776416154599471000  diff=+0.008ms
  cam6: 1776416154599675000  diff=+0.212ms
  cam7: 1776416154599670000  diff=+0.207ms
Saved /home/acerobotics/Development/zed8cam/python/checker_results/20260417_170754_00036_1776416154593353000.jpg

── Timestamp 1776416154638000000 ──
sampled=1776416154638000000  real_target(cam0)=1776416154632876000
  cam1: 1776416154633101000  diff=+0.225ms
  cam2: 1776416154632844000  diff=-0.032ms
  cam3: 1776416154632753000  diff=-0.123ms
  cam4: 1776416154632886000  diff=+0.010ms
  cam5: 1776416154632846000  diff=-0.030ms
  cam6: 1776416154632809000  diff=-0.067ms
  cam7: 1776416154632795000  diff=-0.081ms
Saved /home/acerobotics/Development/zed8cam/python/checker_results/20260417_170754_00037_1776416154638000000.jpg

── Timestamp 1776416154663342000 ──
sampled=1776416154663342000  real_target(cam0)=1776416154666157000
  cam1: 1776416154666183000  diff=+0.026ms
  cam2: 1776416154666408000  diff=+0.251ms
  cam3: 1776416154666083000  diff=-0.074ms
  cam4: 1776416154666121000  diff=-0.036ms
  cam5: 1776416154666171000  diff=+0.014ms
  cam6: 1776416154666143000  diff=-0.014ms
  cam7: 1776416154666111000  diff=-0.046ms
Saved /home/acerobotics/Development/zed8cam/python/checker_results/20260417_170754_00038_1776416154663342000.jpg

── Timestamp 1776416154688163000 ──
sampled=1776416154688163000  real_target(cam0)=1776416154699479000
  cam1: 1776416154699684000  diff=+0.205ms
  cam2: 1776416154699683000  diff=+0.204ms
  cam3: 1776416154699414000  diff=-0.065ms
  cam4: 1776416154699479000  diff=+0.000ms
  cam5: 1776416154699525000  diff=+0.046ms
  cam6: 1776416154699469000  diff=-0.010ms
  cam7: 1776416154699456000  diff=-0.023ms
Saved /home/acerobotics/Development/zed8cam/python/checker_results/20260417_170754_00039_1776416154688163000.jpg

── Timestamp 1776416154737589000 ──
sampled=1776416154737589000  real_target(cam0)=1776416154732784000
  cam1: 1776416154732980000  diff=+0.196ms
  cam2: 1776416154732779000  diff=-0.005ms
  cam3: 1776416154732743000  diff=-0.041ms
  cam4: 1776416154732970000  diff=+0.186ms
  cam5: 1776416154732801000  diff=+0.017ms
  cam6: 1776416154733138000  diff=+0.354ms
  cam7: 1776416154732811000  diff=+0.027ms
Saved /home/acerobotics/Development/zed8cam/python/checker_results/20260417_170754_00040_1776416154737589000.jpg

── Timestamp 1776416154774107000 ──
sampled=1776416154774107000  real_target(cam0)=1776416154766138000
  cam1: 1776416154766152000  diff=+0.014ms
  cam2: 1776416154766436000  diff=+0.298ms
  cam3: 1776416154766067000  diff=-0.071ms
  cam4: 1776416154766107000  diff=-0.031ms
  cam5: 1776416154766147000  diff=+0.009ms
  cam6: 1776416154766282000  diff=+0.144ms
  cam7: 1776416154766115000  diff=-0.023ms
Saved /home/acerobotics/Development/zed8cam/python/checker_results/20260417_170754_00041_1776416154774107000.jpg

── Timestamp 1776416154783674000 ──
sampled=1776416154783674000  real_target(cam0)=1776416154799483000
  cam1: 1776416154799470000  diff=-0.013ms
  cam2: 1776416154799473000  diff=-0.010ms
  cam3: 1776416154799394000  diff=-0.089ms
  cam4: 1776416154799426000  diff=-0.057ms
  cam5: 1776416154799501000  diff=+0.018ms
  cam6: 1776416154799446000  diff=-0.037ms
  cam7: 1776416154799440000  diff=-0.043ms
Saved /home/acerobotics/Development/zed8cam/python/checker_results/20260417_170754_00042_1776416154783674000.jpg

── Timestamp 1776416154823678000 ──
sampled=1776416154823678000  real_target(cam0)=1776416154832811000
  cam1: 1776416154833537000  diff=+0.726ms
  cam2: 1776416154832802000  diff=-0.009ms
  cam3: 1776416154832727000  diff=-0.084ms
  cam4: 1776416154832761000  diff=-0.050ms
  cam5: 1776416154832821000  diff=+0.010ms
  cam6: 1776416154832779000  diff=-0.032ms
  cam7: 1776416154832774000  diff=-0.037ms
Saved /home/acerobotics/Development/zed8cam/python/checker_results/20260417_170754_00043_1776416154823678000.jpg

── Timestamp 1776416154873201000 ──
sampled=1776416154873201000  real_target(cam0)=1776416154866335000
  cam1: 1776416154866343000  diff=+0.008ms
  cam2: 1776416154866327000  diff=-0.008ms
  cam3: 1776416154866589000  diff=+0.254ms
  cam4: 1776416154866372000  diff=+0.037ms
  cam5: 1776416154866358000  diff=+0.023ms
  cam6: 1776416154866379000  diff=+0.044ms
  cam7: 1776416154866367000  diff=+0.032ms
Saved /home/acerobotics/Development/zed8cam/python/checker_results/20260417_170754_00044_1776416154873201000.jpg

── Timestamp 1776416154897927000 ──
sampled=1776416154897927000  real_target(cam0)=1776416154899485000
  cam1: 1776416154899518000  diff=+0.033ms
  cam2: 1776416154899470000  diff=-0.015ms
  cam3: 1776416154899409000  diff=-0.076ms
  cam4: 1776416154899705000  diff=+0.220ms
  cam5: 1776416154899502000  diff=+0.017ms
  cam6: 1776416154899450000  diff=-0.035ms
  cam7: 1776416154899443000  diff=-0.042ms
Saved /home/acerobotics/Development/zed8cam/python/checker_results/20260417_170754_00045_1776416154897927000.jpg

── Timestamp 1776416154938818000 ──
sampled=1776416154938818000  real_target(cam0)=1776416154932896000
  cam1: 1776416154932916000  diff=+0.020ms
  cam2: 1776416154932888000  diff=-0.008ms
  cam3: 1776416154932917000  diff=+0.021ms
  cam4: 1776416154932860000  diff=-0.036ms
  cam5: 1776416154932912000  diff=+0.016ms
  cam6: 1776416154932867000  diff=-0.029ms
  cam7: 1776416154932885000  diff=-0.011ms
Saved /home/acerobotics/Development/zed8cam/python/checker_results/20260417_170754_00046_1776416154938818000.jpg

── Timestamp 1776416154968832000 ──
sampled=1776416154968832000  real_target(cam0)=1776416154966381000
  cam1: 1776416154966369000  diff=-0.012ms
  cam2: 1776416154966135000  diff=-0.246ms
  cam3: 1776416154966074000  diff=-0.307ms
  cam4: 1776416154966103000  diff=-0.278ms
  cam5: 1776416154966175000  diff=-0.206ms
  cam6: 1776416154966130000  diff=-0.251ms
  cam7: 1776416154966115000  diff=-0.266ms
Saved /home/acerobotics/Development/zed8cam/python/checker_results/20260417_170754_00047_1776416154968832000.jpg

── Timestamp 1776416154993596000 ──
sampled=1776416154993596000  real_target(cam0)=1776416154999500000
  cam1: 1776416155000103000  diff=+0.603ms
  cam2: 1776416154999713000  diff=+0.213ms
  cam3: 1776416154999409000  diff=-0.091ms
  cam4: 1776416154999454000  diff=-0.046ms
  cam5: 1776416154999492000  diff=-0.008ms
  cam6: 1776416154999547000  diff=+0.047ms
  cam7: 1776416154999436000  diff=-0.064ms
Saved /home/acerobotics/Development/zed8cam/python/checker_results/20260417_170754_00048_1776416154993596000.jpg

── Timestamp 1776416155034550000 ──
sampled=1776416155034550000  real_target(cam0)=1776416155032809000
  cam1: 1776416155033082000  diff=+0.273ms
  cam2: 1776416155032939000  diff=+0.130ms
  cam3: 1776416155032728000  diff=-0.081ms
  cam4: 1776416155032766000  diff=-0.043ms
  cam5: 1776416155032798000  diff=-0.011ms
  cam6: 1776416155032842000  diff=+0.033ms
  cam7: 1776416155032791000  diff=-0.018ms
Saved /home/acerobotics/Development/zed8cam/python/checker_results/20260417_170754_00049_1776416155034550000.jpg

── Timestamp 1776416155075167000 ──
sampled=1776416155075167000  real_target(cam0)=1776416155066261000
  cam1: 1776416155066147000  diff=-0.114ms
  cam2: 1776416155066134000  diff=-0.127ms
  cam3: 1776416155066069000  diff=-0.192ms
  cam4: 1776416155066556000  diff=+0.295ms
  cam5: 1776416155066141000  diff=-0.120ms
  cam6: 1776416155066105000  diff=-0.156ms
  cam7: 1776416155066134000  diff=-0.127ms
Saved /home/acerobotics/Development/zed8cam/python/checker_results/20260417_170754_00050_1776416155075167000.jpg

── Timestamp 1776416155095469000 ──
sampled=1776416155095469000  real_target(cam0)=1776416155099620000
  cam1: 1776416155099466000  diff=-0.154ms
  cam2: 1776416155099469000  diff=-0.151ms
  cam3: 1776416155099391000  diff=-0.229ms
  cam4: 1776416155099441000  diff=-0.179ms
  cam5: 1776416155099654000  diff=+0.034ms
  cam6: 1776416155099438000  diff=-0.182ms
  cam7: 1776416155099424000  diff=-0.196ms
Saved /home/acerobotics/Development/zed8cam/python/checker_results/20260417_170754_00051_1776416155095469000.jpg

── Timestamp 1776416155135614000 ──
sampled=1776416155135614000  real_target(cam0)=1776416155133020000
  cam1: 1776416155132803000  diff=-0.217ms
  cam2: 1776416155132993000  diff=-0.027ms
  cam3: 1776416155132725000  diff=-0.295ms
  cam4: 1776416155132780000  diff=-0.240ms
  cam5: 1776416155133150000  diff=+0.130ms
  cam6: 1776416155132787000  diff=-0.233ms
  cam7: 1776416155132751000  diff=-0.269ms
Saved /home/acerobotics/Development/zed8cam/python/checker_results/20260417_170754_00052_1776416155135614000.jpg

── Timestamp 1776416155160567000 ──
sampled=1776416155160567000  real_target(cam0)=1776416155166319000
  cam1: 1776416155166137000  diff=-0.182ms
  cam2: 1776416155166124000  diff=-0.195ms
  cam3: 1776416155166043000  diff=-0.276ms
  cam4: 1776416155166090000  diff=-0.229ms
  cam5: 1776416155166281000  diff=-0.038ms
  cam6: 1776416155166109000  diff=-0.210ms
  cam7: 1776416155166104000  diff=-0.215ms
Saved /home/acerobotics/Development/zed8cam/python/checker_results/20260417_170754_00053_1776416155160567000.jpg

── Timestamp 1776416155185728000 ──
sampled=1776416155185728000  real_target(cam0)=1776416155199440000
  cam1: 1776416155199458000  diff=+0.018ms
  cam2: 1776416155199427000  diff=-0.013ms
  cam3: 1776416155199694000  diff=+0.254ms
  cam4: 1776416155199414000  diff=-0.026ms
  cam5: 1776416155199446000  diff=+0.006ms
  cam6: 1776416155199464000  diff=+0.024ms
  cam7: 1776416155199397000  diff=-0.043ms
Saved /home/acerobotics/Development/zed8cam/python/checker_results/20260417_170754_00054_1776416155185728000.jpg

── Timestamp 1776416155230966000 ──
sampled=1776416155230966000  real_target(cam0)=1776416155232837000
  cam1: 1776416155232823000  diff=-0.014ms
  cam2: 1776416155232796000  diff=-0.041ms
  cam3: 1776416155233067000  diff=+0.230ms
  cam4: 1776416155232759000  diff=-0.078ms
  cam5: 1776416155232870000  diff=+0.033ms
  cam6: 1776416155232836000  diff=-0.001ms
  cam7: 1776416155232719000  diff=-0.118ms
Saved /home/acerobotics/Development/zed8cam/python/checker_results/20260417_170754_00055_1776416155230966000.jpg

── Timestamp 1776416155270667000 ──
sampled=1776416155270667000  real_target(cam0)=1776416155266190000
  cam1: 1776416155266205000  diff=+0.015ms
  cam2: 1776416155266161000  diff=-0.029ms
  cam3: 1776416155266190000  diff=+0.000ms
  cam4: 1776416155266164000  diff=-0.026ms
  cam5: 1776416155266425000  diff=+0.235ms
  cam6: 1776416155266180000  diff=-0.010ms
  cam7: 1776416155266144000  diff=-0.046ms
Saved /home/acerobotics/Development/zed8cam/python/checker_results/20260417_170754_00056_1776416155270667000.jpg

── Timestamp 1776416155295290000 ──
sampled=1776416155295290000  real_target(cam0)=1776416155299763000
  cam1: 1776416155299716000  diff=-0.047ms
  cam2: 1776416155300344000  diff=+0.581ms
  cam3: 1776416155299816000  diff=+0.053ms
  cam4: 1776416155299673000  diff=-0.090ms
  cam5: 1776416155299726000  diff=-0.037ms
  cam6: 1776416155299684000  diff=-0.079ms
  cam7: 1776416155299656000  diff=-0.107ms
Saved /home/acerobotics/Development/zed8cam/python/checker_results/20260417_170754_00057_1776416155295290000.jpg

── Timestamp 1776416155340562000 ──
sampled=1776416155340562000  real_target(cam0)=1776416155332767000
  cam1: 1776416155332841000  diff=+0.074ms
  cam2: 1776416155332760000  diff=-0.007ms
  cam3: 1776416155332800000  diff=+0.033ms
  cam4: 1776416155332795000  diff=+0.028ms
  cam5: 1776416155332776000  diff=+0.009ms
  cam6: 1776416155332836000  diff=+0.069ms
  cam7: 1776416155332732000  diff=-0.035ms
Saved /home/acerobotics/Development/zed8cam/python/checker_results/20260417_170754_00058_1776416155340562000.jpg

── Timestamp 1776416155365221000 ──
sampled=1776416155365221000  real_target(cam0)=1776416155366123000
  cam1: 1776416155366158000  diff=+0.035ms
  cam2: 1776416155366099000  diff=-0.024ms
  cam3: 1776416155366532000  diff=+0.409ms
  cam4: 1776416155366074000  diff=-0.049ms
  cam5: 1776416155366352000  diff=+0.229ms
  cam6: 1776416155366162000  diff=+0.039ms
  cam7: 1776416155366140000  diff=+0.017ms
Saved /home/acerobotics/Development/zed8cam/python/checker_results/20260417_170754_00059_1776416155365221000.jpg

── Timestamp 1776416155410807000 ──
sampled=1776416155410807000  real_target(cam0)=1776416155399432000
  cam1: 1776416155399449000  diff=+0.017ms
  cam2: 1776416155399422000  diff=-0.010ms
  cam3: 1776416155399646000  diff=+0.214ms
  cam4: 1776416155399398000  diff=-0.034ms
  cam5: 1776416155399451000  diff=+0.019ms
  cam6: 1776416155399475000  diff=+0.043ms
  cam7: 1776416155399486000  diff=+0.054ms
Saved /home/acerobotics/Development/zed8cam/python/checker_results/20260417_170754_00060_1776416155410807000.jpg

── Timestamp 1776416155431015000 ──
sampled=1776416155431015000  real_target(cam0)=1776416155432774000
  cam1: 1776416155432791000  diff=+0.017ms
  cam2: 1776416155432857000  diff=+0.083ms
  cam3: 1776416155433112000  diff=+0.338ms
  cam4: 1776416155432728000  diff=-0.046ms
  cam5: 1776416155432965000  diff=+0.191ms
  cam6: 1776416155432809000  diff=+0.035ms
  cam7: 1776416155432805000  diff=+0.031ms
Saved /home/acerobotics/Development/zed8cam/python/checker_results/20260417_170754_00061_1776416155431015000.jpg

── Timestamp 1776416155475639000 ──
sampled=1776416155475639000  real_target(cam0)=1776416155466106000
  cam1: 1776416155466122000  diff=+0.016ms
  cam2: 1776416155466098000  diff=-0.008ms
  cam3: 1776416155466446000  diff=+0.340ms
  cam4: 1776416155466060000  diff=-0.046ms
  cam5: 1776416155466296000  diff=+0.190ms
  cam6: 1776416155466128000  diff=+0.022ms
  cam7: 1776416155466145000  diff=+0.039ms
Saved /home/acerobotics/Development/zed8cam/python/checker_results/20260417_170754_00062_1776416155475639000.jpg

── Timestamp 1776416155496206000 ──
sampled=1776416155496206000  real_target(cam0)=1776416155499538000
  cam1: 1776416155499550000  diff=+0.012ms
  cam2: 1776416155499520000  diff=-0.018ms
  cam3: 1776416155499560000  diff=+0.022ms
  cam4: 1776416155499598000  diff=+0.060ms
  cam5: 1776416155499724000  diff=+0.186ms
  cam6: 1776416155499577000  diff=+0.039ms
  cam7: 1776416155499587000  diff=+0.049ms
Saved /home/acerobotics/Development/zed8cam/python/checker_results/20260417_170754_00063_1776416155496206000.jpg

── Timestamp 1776416155520930000 ──
sampled=1776416155520930000  real_target(cam0)=1776416155532968000
  cam1: 1776416155532781000  diff=-0.187ms
  cam2: 1776416155532752000  diff=-0.216ms
  cam3: 1776416155532977000  diff=+0.009ms
  cam4: 1776416155532730000  diff=-0.238ms
  cam5: 1776416155533150000  diff=+0.182ms
  cam6: 1776416155532825000  diff=-0.143ms
  cam7: 1776416155532857000  diff=-0.111ms
Saved /home/acerobotics/Development/zed8cam/python/checker_results/20260417_170754_00064_1776416155520930000.jpg

── Timestamp 1776416155570532000 ──
sampled=1776416155570532000  real_target(cam0)=1776416155566105000
  cam1: 1776416155566132000  diff=+0.027ms
  cam2: 1776416155566098000  diff=-0.007ms
  cam3: 1776416155566114000  diff=+0.009ms
  cam4: 1776416155566063000  diff=-0.042ms
  cam5: 1776416155566129000  diff=+0.024ms
  cam6: 1776416155566176000  diff=+0.071ms
  cam7: 1776416155566167000  diff=+0.062ms
Saved /home/acerobotics/Development/zed8cam/python/checker_results/20260417_170754_00065_1776416155570532000.jpg

── Timestamp 1776416155595209000 ──
sampled=1776416155595209000  real_target(cam0)=1776416155599554000
  cam1: 1776416155599494000  diff=-0.060ms
  cam2: 1776416155599770000  diff=+0.216ms
  cam3: 1776416155599506000  diff=-0.048ms
  cam4: 1776416155599490000  diff=-0.064ms
  cam5: 1776416155599774000  diff=+0.220ms
  cam6: 1776416155599482000  diff=-0.072ms
  cam7: 1776416155599475000  diff=-0.079ms
Saved /home/acerobotics/Development/zed8cam/python/checker_results/20260417_170754_00066_1776416155595209000.jpg

── Timestamp 1776416155636147000 ──
sampled=1776416155636147000  real_target(cam0)=1776416155632755000
  cam1: 1776416155632772000  diff=+0.017ms
  cam2: 1776416155632751000  diff=-0.004ms
  cam3: 1776416155632777000  diff=+0.022ms
  cam4: 1776416155632720000  diff=-0.035ms
  cam5: 1776416155632929000  diff=+0.174ms
  cam6: 1776416155632794000  diff=+0.039ms
  cam7: 1776416155632817000  diff=+0.062ms
Saved /home/acerobotics/Development/zed8cam/python/checker_results/20260417_170754_00067_1776416155636147000.jpg

── Timestamp 1776416155660811000 ──
sampled=1776416155660811000  real_target(cam0)=1776416155666303000
  cam1: 1776416155666111000  diff=-0.192ms
  cam2: 1776416155666094000  diff=-0.209ms
  cam3: 1776416155666233000  diff=-0.070ms
  cam4: 1776416155666046000  diff=-0.257ms
  cam5: 1776416155669363000  diff=+3.060ms
  cam6: 1776416155666128000  diff=-0.175ms
  cam7: 1776416155666143000  diff=-0.160ms
Saved /home/acerobotics/Development/zed8cam/python/checker_results/20260417_170754_00068_1776416155660811000.jpg

── Timestamp 1776416155701359000 ──
sampled=1776416155701359000  real_target(cam0)=1776416155699598000
  cam1: 1776416155699444000  diff=-0.154ms
  cam2: 1776416155699413000  diff=-0.185ms
  cam3: 1776416155699580000  diff=-0.018ms
  cam4: 1776416155699385000  diff=-0.213ms
  cam5: 1776416155699496000  diff=-0.102ms
  cam6: 1776416155699457000  diff=-0.141ms
  cam7: 1776416155699473000  diff=-0.125ms
Saved /home/acerobotics/Development/zed8cam/python/checker_results/20260417_170754_00069_1776416155701359000.jpg

── Timestamp 1776416155726452000 ──
sampled=1776416155726452000  real_target(cam0)=1776416155732824000
  cam1: 1776416155732772000  diff=-0.052ms
  cam2: 1776416155733156000  diff=+0.332ms
  cam3: 1776416155732785000  diff=-0.039ms
  cam4: 1776416155732721000  diff=-0.103ms
  cam5: 1776416155732852000  diff=+0.028ms
  cam6: 1776416155732795000  diff=-0.029ms
  cam7: 1776416155732811000  diff=-0.013ms
Saved /home/acerobotics/Development/zed8cam/python/checker_results/20260417_170754_00070_1776416155726452000.jpg

── Timestamp 1776416155746743000 ──
sampled=1776416155746743000  real_target(cam0)=1776416155732824000
  cam1: 1776416155732772000  diff=-0.052ms
  cam2: 1776416155733156000  diff=+0.332ms
  cam3: 1776416155732785000  diff=-0.039ms
  cam4: 1776416155732721000  diff=-0.103ms
  cam5: 1776416155732852000  diff=+0.028ms
  cam6: 1776416155732795000  diff=-0.029ms
  cam7: 1776416155732811000  diff=-0.013ms
Saved /home/acerobotics/Development/zed8cam/python/checker_results/20260417_170754_00071_1776416155746743000.jpg

── Timestamp 1776416155791830000 ──
sampled=1776416155791830000  real_target(cam0)=1776416155799756000
  cam1: 1776416155799871000  diff=+0.115ms
  cam2: 1776416155799570000  diff=-0.186ms
  cam3: 1776416155799578000  diff=-0.178ms
  cam4: 1776416155799664000  diff=-0.092ms
  cam5: 1776416155799597000  diff=-0.159ms
  cam6: 1776416155799625000  diff=-0.131ms
  cam7: 1776416155799612000  diff=-0.144ms
Saved /home/acerobotics/Development/zed8cam/python/checker_results/20260417_170754_00072_1776416155791830000.jpg

── Timestamp 1776416155821174000 ──
sampled=1776416155821174000  real_target(cam0)=1776416155832802000
  cam1: 1776416155832783000  diff=-0.019ms
  cam2: 1776416155832741000  diff=-0.061ms
  cam3: 1776416155832766000  diff=-0.036ms
  cam4: 1776416155832724000  diff=-0.078ms
  cam5: 1776416155832789000  diff=-0.013ms
  cam6: 1776416155833091000  diff=+0.289ms
  cam7: 1776416155832837000  diff=+0.035ms
Saved /home/acerobotics/Development/zed8cam/python/checker_results/20260417_170754_00073_1776416155821174000.jpg

── Timestamp 1776416155866109000 ──
sampled=1776416155866109000  real_target(cam0)=1776416155866290000
  cam1: 1776416155866279000  diff=-0.011ms
  cam2: 1776416155866254000  diff=-0.036ms
  cam3: 1776416155866294000  diff=+0.004ms
  cam4: 1776416155866227000  diff=-0.063ms
  cam5: 1776416155866273000  diff=-0.017ms
  cam6: 1776416155866246000  diff=-0.044ms
  cam7: 1776416155866239000  diff=-0.051ms
Saved /home/acerobotics/Development/zed8cam/python/checker_results/20260417_170754_00074_1776416155866109000.jpg

── Timestamp 1776416155886359000 ──
sampled=1776416155886359000  real_target(cam0)=1776416155899508000
  cam1: 1776416155899517000  diff=+0.009ms
  cam2: 1776416155899479000  diff=-0.029ms
  cam3: 1776416155899521000  diff=+0.013ms
  cam4: 1776416155899546000  diff=+0.038ms
  cam5: 1776416155899495000  diff=-0.013ms
  cam6: 1776416155899537000  diff=+0.029ms
  cam7: 1776416155899533000  diff=+0.025ms
Saved /home/acerobotics/Development/zed8cam/python/checker_results/20260417_170754_00075_1776416155886359000.jpg

── Timestamp 1776416155936135000 ──
sampled=1776416155936135000  real_target(cam0)=1776416155932766000
  cam1: 1776416155932787000  diff=+0.021ms
  cam2: 1776416155932773000  diff=+0.007ms
  cam3: 1776416155932830000  diff=+0.064ms
  cam4: 1776416155932721000  diff=-0.045ms
  cam5: 1776416155932909000  diff=+0.143ms
  cam6: 1776416155932803000  diff=+0.037ms
  cam7: 1776416155932827000  diff=+0.061ms
Saved /home/acerobotics/Development/zed8cam/python/checker_results/20260417_170754_00076_1776416155936135000.jpg

── Timestamp 1776416155961136000 ──
sampled=1776416155961136000  real_target(cam0)=1776416155966120000
  cam1: 1776416155966107000  diff=-0.013ms
  cam2: 1776416155966075000  diff=-0.045ms
  cam3: 1776416155966125000  diff=+0.005ms
  cam4: 1776416155966060000  diff=-0.060ms
  cam5: 1776416155966097000  diff=-0.023ms
  cam6: 1776416155966141000  diff=+0.021ms
  cam7: 1776416155966136000  diff=+0.016ms
Saved /home/acerobotics/Development/zed8cam/python/checker_results/20260417_170754_00077_1776416155961136000.jpg

── Timestamp 1776416155991411000 ──
sampled=1776416155991411000  real_target(cam0)=1776416155999439000
  cam1: 1776416155999463000  diff=+0.024ms
  cam2: 1776416155999411000  diff=-0.028ms
  cam3: 1776416156000223000  diff=+0.784ms
  cam4: 1776416155999390000  diff=-0.049ms
  cam5: 1776416155999447000  diff=+0.008ms
  cam6: 1776416155999488000  diff=+0.049ms
  cam7: 1776416155999491000  diff=+0.052ms
Saved /home/acerobotics/Development/zed8cam/python/checker_results/20260417_170754_00078_1776416155991411000.jpg

── Timestamp 1776416156031731000 ──
sampled=1776416156031731000  real_target(cam0)=1776416156032755000
  cam1: 1776416156032788000  diff=+0.033ms
  cam2: 1776416156035303000  diff=+2.548ms
  cam3: 1776416156032952000  diff=+0.197ms
  cam4: 1776416156032698000  diff=-0.057ms
  cam5: 1776416156032759000  diff=+0.004ms
  cam6: 1776416156032786000  diff=+0.031ms
  cam7: 1776416156032778000  diff=+0.023ms
Saved /home/acerobotics/Development/zed8cam/python/checker_results/20260417_170754_00079_1776416156031731000.jpg

── Timestamp 1776416156071827000 ──
sampled=1776416156071827000  real_target(cam0)=1776416156066363000
  cam1: 1776416156066394000  diff=+0.031ms
  cam2: 1776416156066398000  diff=+0.035ms
  cam3: 1776416156068024000  diff=+1.661ms
  cam4: 1776416156066361000  diff=-0.002ms
  cam5: 1776416156067839000  diff=+1.476ms
  cam6: 1776416156066349000  diff=-0.014ms
  cam7: 1776416156066318000  diff=-0.045ms
Saved /home/acerobotics/Development/zed8cam/python/checker_results/20260417_170754_00080_1776416156071827000.jpg

── Timestamp 1776416156092480000 ──
sampled=1776416156092480000  real_target(cam0)=1776416156099438000
  cam1: 1776416156099538000  diff=+0.100ms
  cam2: 1776416156099556000  diff=+0.118ms
  cam3: 1776416156099772000  diff=+0.334ms
  cam4: 1776416156099359000  diff=-0.079ms
  cam5: 1776416156099596000  diff=+0.158ms
  cam6: 1776416156099469000  diff=+0.031ms
  cam7: 1776416156099453000  diff=+0.015ms
Saved /home/acerobotics/Development/zed8cam/python/checker_results/20260417_170754_00081_1776416156092480000.jpg

── Timestamp 1776416156117421000 ──
sampled=1776416156117421000  real_target(cam0)=1776416156132774000
  cam1: 1776416156132839000  diff=+0.065ms
  cam2: 1776416156132738000  diff=-0.036ms
  cam3: 1776416156133156000  diff=+0.382ms
  cam4: 1776416156132711000  diff=-0.063ms
  cam5: 1776416156132777000  diff=+0.003ms
  cam6: 1776416156132860000  diff=+0.086ms
  cam7: 1776416156132825000  diff=+0.051ms
Saved /home/acerobotics/Development/zed8cam/python/checker_results/20260417_170754_00082_1776416156117421000.jpg

── Timestamp 1776416156172497000 ──
sampled=1776416156172497000  real_target(cam0)=1776416156166076000
  cam1: 1776416156166652000  diff=+0.576ms
  cam2: 1776416156166084000  diff=+0.008ms
  cam3: 1776416156166132000  diff=+0.056ms
  cam4: 1776416156166039000  diff=-0.037ms
  cam5: 1776416156166111000  diff=+0.035ms
  cam6: 1776416156166105000  diff=+0.029ms
  cam7: 1776416156166618000  diff=+0.542ms
Saved /home/acerobotics/Development/zed8cam/python/checker_results/20260417_170754_00083_1776416156172497000.jpg

── Timestamp 1776416156197712000 ──
sampled=1776416156197712000  real_target(cam0)=1776416156199449000
  cam1: 1776416156199451000  diff=+0.002ms
  cam2: 1776416156199415000  diff=-0.034ms
  cam3: 1776416156199469000  diff=+0.020ms
  cam4: 1776416156199381000  diff=-0.068ms
  cam5: 1776416156199611000  diff=+0.162ms
  cam6: 1776416156199484000  diff=+0.035ms
  cam7: 1776416156199466000  diff=+0.017ms
Saved /home/acerobotics/Development/zed8cam/python/checker_results/20260417_170754_00084_1776416156197712000.jpg

── Timestamp 1776416156232480000 ──
sampled=1776416156232480000  real_target(cam0)=1776416156233338000
  cam1: 1776416156232917000  diff=-0.421ms
  cam2: 1776416156233110000  diff=-0.228ms
  cam3: 1776416156232891000  diff=-0.447ms
  cam4: 1776416156232828000  diff=-0.510ms
  cam5: 1776416156232886000  diff=-0.452ms
  cam6: 1776416156232916000  diff=-0.422ms
  cam7: 1776416156232887000  diff=-0.451ms
Saved /home/acerobotics/Development/zed8cam/python/checker_results/20260417_170754_00085_1776416156232480000.jpg

── Timestamp 1776416156267101000 ──
sampled=1776416156267101000  real_target(cam0)=1776416156267195000
  cam1: 1776416156266195000  diff=-1.000ms
  cam2: 1776416156267155000  diff=-0.040ms
  cam3: 1776416156266088000  diff=-1.107ms
  cam4: 1776416156266037000  diff=-1.158ms
  cam5: 1776416156266148000  diff=-1.047ms
  cam6: 1776416156266110000  diff=-1.085ms
  cam7: 1776416156266121000  diff=-1.074ms
Saved /home/acerobotics/Development/zed8cam/python/checker_results/20260417_170754_00086_1776416156267101000.jpg

── Timestamp 1776416156306816000 ──
sampled=1776416156306816000  real_target(cam0)=1776416156299567000
  cam1: 1776416156299415000  diff=-0.152ms
  cam2: 1776416156299392000  diff=-0.175ms
  cam3: 1776416156299418000  diff=-0.149ms
  cam4: 1776416156299367000  diff=-0.200ms
  cam5: 1776416156299428000  diff=-0.139ms
  cam6: 1776416156299435000  diff=-0.132ms
  cam7: 1776416156299444000  diff=-0.123ms
Saved /home/acerobotics/Development/zed8cam/python/checker_results/20260417_170754_00087_1776416156306816000.jpg

── Timestamp 1776416156326771000 ──
sampled=1776416156326771000  real_target(cam0)=1776416156333035000
  cam1: 1776416156333026000  diff=-0.009ms
  cam2: 1776416156333004000  diff=-0.031ms
  cam3: 1776416156333015000  diff=-0.020ms
  cam4: 1776416156332970000  diff=-0.065ms
  cam5: 1776416156333010000  diff=-0.025ms
  cam6: 1776416156332996000  diff=-0.039ms
  cam7: 1776416156332983000  diff=-0.052ms
Saved /home/acerobotics/Development/zed8cam/python/checker_results/20260417_170754_00088_1776416156326771000.jpg

── Timestamp 1776416156372546000 ──
sampled=1776416156372546000  real_target(cam0)=1776416156366243000
  cam1: 1776416156366235000  diff=-0.008ms
  cam2: 1776416156366201000  diff=-0.042ms
  cam3: 1776416156366219000  diff=-0.024ms
  cam4: 1776416156366281000  diff=+0.038ms
  cam5: 1776416156366206000  diff=-0.037ms
  cam6: 1776416156366300000  diff=+0.057ms
  cam7: 1776416156368116000  diff=+1.873ms
Saved /home/acerobotics/Development/zed8cam/python/checker_results/20260417_170754_00089_1776416156372546000.jpg

── Timestamp 1776416156397624000 ──
sampled=1776416156397624000  real_target(cam0)=1776416156399936000
  cam1: 1776416156399621000  diff=-0.315ms
  cam2: 1776416156399506000  diff=-0.430ms
  cam3: 1776416156399583000  diff=-0.353ms
  cam4: 1776416156399365000  diff=-0.571ms
  cam5: 1776416156400117000  diff=+0.181ms
  cam6: 1776416156399792000  diff=-0.144ms
  cam7: 1776416156399848000  diff=-0.088ms
Saved /home/acerobotics/Development/zed8cam/python/checker_results/20260417_170754_00090_1776416156397624000.jpg

── Timestamp 1776416156422808000 ──
sampled=1776416156422808000  real_target(cam0)=1776416156432918000
  cam1: 1776416156432807000  diff=-0.111ms
  cam2: 1776416156432967000  diff=+0.049ms
  cam3: 1776416156432781000  diff=-0.137ms
  cam4: 1776416156432692000  diff=-0.226ms
  cam5: 1776416156433079000  diff=+0.161ms
  cam6: 1776416156432770000  diff=-0.148ms
  cam7: 1776416156432743000  diff=-0.175ms
Saved /home/acerobotics/Development/zed8cam/python/checker_results/20260417_170754_00091_1776416156422808000.jpg

── Timestamp 1776416156458438000 ──
sampled=1776416156458438000  real_target(cam0)=1776416156466308000
  cam1: 1776416156466106000  diff=-0.202ms
  cam2: 1776416156466067000  diff=-0.241ms
  cam3: 1776416156466162000  diff=-0.146ms
  cam4: 1776416156466039000  diff=-0.269ms
  cam5: 1776416156466492000  diff=+0.184ms
  cam6: 1776416156466183000  diff=-0.125ms
  cam7: 1776416156466156000  diff=-0.152ms
Saved /home/acerobotics/Development/zed8cam/python/checker_results/20260417_170754_00092_1776416156458438000.jpg

── Timestamp 1776416156498731000 ──
sampled=1776416156498731000  real_target(cam0)=1776416156499622000
  cam1: 1776416156499429000  diff=-0.193ms
  cam2: 1776416156499408000  diff=-0.214ms
  cam3: 1776416156499472000  diff=-0.150ms
  cam4: 1776416156499361000  diff=-0.261ms
  cam5: 1776416156499793000  diff=+0.171ms
  cam6: 1776416156499463000  diff=-0.159ms
  cam7: 1776416156499448000  diff=-0.174ms
Saved /home/acerobotics/Development/zed8cam/python/checker_results/20260417_170754_00093_1776416156498731000.jpg

── Timestamp 1776416156527992000 ──
sampled=1776416156527992000  real_target(cam0)=1776416156536073000
  cam1: 1776416156532750000  diff=-3.323ms
  cam2: 1776416156532734000  diff=-3.339ms
  cam3: 1776416156533143000  diff=-2.930ms
  cam4: 1776416156532687000  diff=-3.386ms
  cam5: 1776416156536302000  diff=+0.229ms
  cam6: 1776416156532760000  diff=-3.313ms
  cam7: 1776416156533308000  diff=-2.765ms
Saved /home/acerobotics/Development/zed8cam/python/checker_results/20260417_170754_00094_1776416156527992000.jpg

── Timestamp 1776416156553242000 ──
sampled=1776416156553242000  real_target(cam0)=1776416156566489000
  cam1: 1776416156566077000  diff=-0.412ms
  cam2: 1776416156566055000  diff=-0.434ms
  cam3: 1776416156566081000  diff=-0.408ms
  cam4: 1776416156566036000  diff=-0.453ms
  cam5: 1776416156566282000  diff=-0.207ms
  cam6: 1776416156566106000  diff=-0.383ms
  cam7: 1776416156566115000  diff=-0.374ms
Saved /home/acerobotics/Development/zed8cam/python/checker_results/20260417_170754_00095_1776416156553242000.jpg

── Timestamp 1776416156603318000 ──
sampled=1776416156603318000  real_target(cam0)=1776416156599493000
  cam1: 1776416156599501000  diff=+0.008ms
  cam2: 1776416156599479000  diff=-0.014ms
  cam3: 1776416156599675000  diff=+0.182ms
  cam4: 1776416156599507000  diff=+0.014ms
  cam5: 1776416156599723000  diff=+0.230ms
  cam6: 1776416156599468000  diff=-0.025ms
  cam7: 1776416156599473000  diff=-0.020ms
Saved /home/acerobotics/Development/zed8cam/python/checker_results/20260417_170754_00096_1776416156603318000.jpg

── Timestamp 1776416156627928000 ──
sampled=1776416156627928000  real_target(cam0)=1776416156632878000
  cam1: 1776416156633085000  diff=+0.207ms
  cam2: 1776416156632754000  diff=-0.124ms
  cam3: 1776416156632938000  diff=+0.060ms
  cam4: 1776416156632881000  diff=+0.003ms
  cam5: 1776416156633068000  diff=+0.190ms
  cam6: 1776416156632719000  diff=-0.159ms
  cam7: 1776416156632705000  diff=-0.173ms
Saved /home/acerobotics/Development/zed8cam/python/checker_results/20260417_170754_00097_1776416156627928000.jpg

── Timestamp 1776416156673234000 ──
sampled=1776416156673234000  real_target(cam0)=1776416156666071000
  cam1: 1776416156666326000  diff=+0.255ms
  cam2: 1776416156666055000  diff=-0.016ms
  cam3: 1776416156666080000  diff=+0.009ms
  cam4: 1776416156666045000  diff=-0.026ms
  cam5: 1776416156666479000  diff=+0.408ms
  cam6: 1776416156666100000  diff=+0.029ms
  cam7: 1776416156666091000  diff=+0.020ms
Saved /home/acerobotics/Development/zed8cam/python/checker_results/20260417_170754_00098_1776416156673234000.jpg

── Timestamp 1776416156698578000 ──
sampled=1776416156698578000  real_target(cam0)=1776416156699950000
  cam1: 1776416156700337000  diff=+0.387ms
  cam2: 1776416156699427000  diff=-0.523ms
  cam3: 1776416156699429000  diff=-0.521ms
  cam4: 1776416156699908000  diff=-0.042ms
  cam5: 1776416156700161000  diff=+0.211ms
  cam6: 1776416156699432000  diff=-0.518ms
  cam7: 1776416156699353000  diff=-0.597ms
Saved /home/acerobotics/Development/zed8cam/python/checker_results/20260417_170754_00099_1776416156698578000.jpg

── Timestamp 1776416156727785000 ──
sampled=1776416156727785000  real_target(cam0)=1776416156732853000
  cam1: 1776416156732784000  diff=-0.069ms
  cam2: 1776416156732771000  diff=-0.082ms
  cam3: 1776416156732805000  diff=-0.048ms
  cam4: 1776416156732803000  diff=-0.050ms
  cam5: 1776416156732761000  diff=-0.092ms
  cam6: 1776416156732713000  diff=-0.140ms
  cam7: 1776416156732699000  diff=-0.154ms
Saved /home/acerobotics/Development/zed8cam/python/checker_results/20260417_170754_00100_1776416156727785000.jpg

── Timestamp 1776416156767752000 ──
sampled=1776416156767752000  real_target(cam0)=1776416156766250000
  cam1: 1776416156766491000  diff=+0.241ms
  cam2: 1776416156766143000  diff=-0.107ms
  cam3: 1776416156766632000  diff=+0.382ms
  cam4: 1776416156766099000  diff=-0.151ms
  cam5: 1776416156766350000  diff=+0.100ms
  cam6: 1776416156766114000  diff=-0.136ms
  cam7: 1776416156766117000  diff=-0.133ms
Saved /home/acerobotics/Development/zed8cam/python/checker_results/20260417_170754_00101_1776416156767752000.jpg

── Timestamp 1776416156792674000 ──
sampled=1776416156792674000  real_target(cam0)=1776416156800140000
  cam1: 1776416156799862000  diff=-0.278ms
  cam2: 1776416156799980000  diff=-0.160ms
  cam3: 1776416156799432000  diff=-0.708ms
  cam4: 1776416156799462000  diff=-0.678ms
  cam5: 1776416156799699000  diff=-0.441ms
  cam6: 1776416156799478000  diff=-0.662ms
  cam7: 1776416156799403000  diff=-0.737ms
Saved /home/acerobotics/Development/zed8cam/python/checker_results/20260417_170754_00102_1776416156792674000.jpg

── Timestamp 1776416156837951000 ──
sampled=1776416156837951000  real_target(cam0)=1776416156832767000
  cam1: 1776416156832992000  diff=+0.225ms
  cam2: 1776416156832775000  diff=+0.008ms
  cam3: 1776416156832778000  diff=+0.011ms
  cam4: 1776416156832816000  diff=+0.049ms
  cam5: 1776416156832802000  diff=+0.035ms
  cam6: 1776416156833140000  diff=+0.373ms
  cam7: 1776416156832979000  diff=+0.212ms
Saved /home/acerobotics/Development/zed8cam/python/checker_results/20260417_170754_00103_1776416156837951000.jpg

── Timestamp 1776416156863575000 ──
sampled=1776416156863575000  real_target(cam0)=1776416156866679000
  cam1: 1776416156866267000  diff=-0.412ms
  cam2: 1776416156866066000  diff=-0.613ms
  cam3: 1776416156866007000  diff=-0.672ms
  cam4: 1776416156866139000  diff=-0.540ms
  cam5: 1776416156866089000  diff=-0.590ms
  cam6: 1776416156866422000  diff=-0.257ms
  cam7: 1776416156866865000  diff=+0.186ms
Saved /home/acerobotics/Development/zed8cam/python/checker_results/20260417_170754_00104_1776416156863575000.jpg

── Timestamp 1776416156893675000 ──
sampled=1776416156893675000  real_target(cam0)=1776416156900020000
  cam1: 1776416156899834000  diff=-0.186ms
  cam2: 1776416156899879000  diff=-0.141ms
  cam3: 1776416156899978000  diff=-0.042ms
  cam4: 1776416156899589000  diff=-0.431ms
  cam5: 1776416156899635000  diff=-0.385ms
  cam6: 1776416156899594000  diff=-0.426ms
  cam7: 1776416156899574000  diff=-0.446ms
Saved /home/acerobotics/Development/zed8cam/python/checker_results/20260417_170754_00105_1776416156893675000.jpg

── Timestamp 1776416156933113000 ──
sampled=1776416156933113000  real_target(cam0)=1776416156932852000
  cam1: 1776416156932724000  diff=-0.128ms
  cam2: 1776416156932708000  diff=-0.144ms
  cam3: 1776416156932881000  diff=+0.029ms
  cam4: 1776416156932827000  diff=-0.025ms
  cam5: 1776416156933043000  diff=+0.191ms
  cam6: 1776416156932811000  diff=-0.041ms
  cam7: 1776416156933067000  diff=+0.215ms
Saved /home/acerobotics/Development/zed8cam/python/checker_results/20260417_170754_00106_1776416156933113000.jpg

── Timestamp 1776416156963393000 ──
sampled=1776416156963393000  real_target(cam0)=1776416156966370000
  cam1: 1776416156966293000  diff=-0.077ms
  cam2: 1776416156966067000  diff=-0.303ms
  cam3: 1776416156966100000  diff=-0.270ms
  cam4: 1776416156966121000  diff=-0.249ms
  cam5: 1776416156966076000  diff=-0.294ms
  cam6: 1776416156966127000  diff=-0.243ms
  cam7: 1776416156966180000  diff=-0.190ms
Saved /home/acerobotics/Development/zed8cam/python/checker_results/20260417_170754_00107_1776416156963393000.jpg

── Timestamp 1776416156988449000 ──
sampled=1776416156988449000  real_target(cam0)=1776416156999893000
  cam1: 1776416156999911000  diff=+0.018ms
  cam2: 1776416156999882000  diff=-0.011ms
  cam3: 1776416156999902000  diff=+0.009ms
  cam4: 1776416156999932000  diff=+0.039ms
  cam5: 1776416157000118000  diff=+0.225ms
  cam6: 1776416157000156000  diff=+0.263ms
  cam7: 1776416157000128000  diff=+0.235ms
Saved /home/acerobotics/Development/zed8cam/python/checker_results/20260417_170754_00108_1776416156988449000.jpg

── Timestamp 1776416157038812000 ──
sampled=1776416157038812000  real_target(cam0)=1776416157033257000
  cam1: 1776416157033123000  diff=-0.134ms
  cam2: 1776416157033375000  diff=+0.118ms
  cam3: 1776416157033304000  diff=+0.047ms
  cam4: 1776416157033098000  diff=-0.159ms
  cam5: 1776416157033393000  diff=+0.136ms
  cam6: 1776416157033114000  diff=-0.143ms
  cam7: 1776416157033111000  diff=-0.146ms
Saved /home/acerobotics/Development/zed8cam/python/checker_results/20260417_170754_00109_1776416157038812000.jpg

── Timestamp 1776416157068408000 ──
sampled=1776416157068408000  real_target(cam0)=1776416157066212000
  cam1: 1776416157066191000  diff=-0.021ms
  cam2: 1776416157066167000  diff=-0.045ms
  cam3: 1776416157066361000  diff=+0.149ms
  cam4: 1776416157066126000  diff=-0.086ms
  cam5: 1776416157066203000  diff=-0.009ms
  cam6: 1776416157066600000  diff=+0.388ms
  cam7: 1776416157066437000  diff=+0.225ms
Saved /home/acerobotics/Development/zed8cam/python/checker_results/20260417_170754_00110_1776416157068408000.jpg

── Timestamp 1776416157093436000 ──
sampled=1776416157093436000  real_target(cam0)=1776416157099702000
  cam1: 1776416157099442000  diff=-0.260ms
  cam2: 1776416157099436000  diff=-0.266ms
  cam3: 1776416157099471000  diff=-0.231ms
  cam4: 1776416157099476000  diff=-0.226ms
  cam5: 1776416157099877000  diff=+0.175ms
  cam6: 1776416157100174000  diff=+0.472ms
  cam7: 1776416157100026000  diff=+0.324ms
Saved /home/acerobotics/Development/zed8cam/python/checker_results/20260417_170754_00111_1776416157093436000.jpg

── Timestamp 1776416157119108000 ──
sampled=1776416157119108000  real_target(cam0)=1776416157133098000
  cam1: 1776416157132712000  diff=-0.386ms
  cam2: 1776416157132700000  diff=-0.398ms
  cam3: 1776416157132920000  diff=-0.178ms
  cam4: 1776416157132752000  diff=-0.346ms
  cam5: 1776416157133502000  diff=+0.404ms
  cam6: 1776416157132912000  diff=-0.186ms
  cam7: 1776416157132733000  diff=-0.365ms
Saved /home/acerobotics/Development/zed8cam/python/checker_results/20260417_170754_00112_1776416157119108000.jpg

── Timestamp 1776416157168626000 ──
sampled=1776416157168626000  real_target(cam0)=1776416157166571000
  cam1: 1776416157166059000  diff=-0.512ms
  cam2: 1776416157166036000  diff=-0.535ms
  cam3: 1776416157166143000  diff=-0.428ms
  cam4: 1776416157166092000  diff=-0.479ms
  cam5: 1776416157166117000  diff=-0.454ms
  cam6: 1776416157166534000  diff=-0.037ms
  cam7: 1776416157166324000  diff=-0.247ms
Saved /home/acerobotics/Development/zed8cam/python/checker_results/20260417_170754_00113_1776416157168626000.jpg

── Timestamp 1776416157194546000 ──
sampled=1776416157194546000  real_target(cam0)=1776416157199932000
  cam1: 1776416157199379000  diff=-0.553ms
  cam2: 1776416157199362000  diff=-0.570ms
  cam3: 1776416157199620000  diff=-0.312ms
  cam4: 1776416157199427000  diff=-0.505ms
  cam5: 1776416157199464000  diff=-0.468ms
  cam6: 1776416157199755000  diff=-0.177ms
  cam7: 1776416157199600000  diff=-0.332ms
Saved /home/acerobotics/Development/zed8cam/python/checker_results/20260417_170754_00114_1776416157194546000.jpg

── Timestamp 1776416157224067000 ──
sampled=1776416157224067000  real_target(cam0)=1776416157232781000
  cam1: 1776416157232798000  diff=+0.017ms
  cam2: 1776416157232698000  diff=-0.083ms
  cam3: 1776416157233052000  diff=+0.271ms
  cam4: 1776416157232752000  diff=-0.029ms
  cam5: 1776416157232781000  diff=+0.000ms
  cam6: 1776416157232758000  diff=-0.023ms
  cam7: 1776416157232738000  diff=-0.043ms
Saved /home/acerobotics/Development/zed8cam/python/checker_results/20260417_170754_00115_1776416157224067000.jpg

── Timestamp 1776416157249384000 ──
sampled=1776416157249384000  real_target(cam0)=1776416157232781000
  cam1: 1776416157232798000  diff=+0.017ms
  cam2: 1776416157232698000  diff=-0.083ms
  cam3: 1776416157233052000  diff=+0.271ms
  cam4: 1776416157232752000  diff=-0.029ms
  cam5: 1776416157232781000  diff=+0.000ms
  cam6: 1776416157232758000  diff=-0.023ms
  cam7: 1776416157232738000  diff=-0.043ms
Saved /home/acerobotics/Development/zed8cam/python/checker_results/20260417_170754_00116_1776416157249384000.jpg

── Timestamp 1776416157299067000 ──
sampled=1776416157299067000  real_target(cam0)=1776416157299443000
  cam1: 1776416157299609000  diff=+0.166ms
  cam2: 1776416157299348000  diff=-0.095ms
  cam3: 1776416157299639000  diff=+0.196ms
  cam4: 1776416157299419000  diff=-0.024ms
  cam5: 1776416157299457000  diff=+0.014ms
  cam6: 1776416157299717000  diff=+0.274ms
  cam7: 1776416157299574000  diff=+0.131ms
Saved /home/acerobotics/Development/zed8cam/python/checker_results/20260417_170754_00117_1776416157299067000.jpg

── Timestamp 1776416157323894000 ──
sampled=1776416157323894000  real_target(cam0)=1776416157332778000
  cam1: 1776416157332701000  diff=-0.077ms
  cam2: 1776416157332692000  diff=-0.086ms
  cam3: 1776416157332809000  diff=+0.031ms
  cam4: 1776416157332754000  diff=-0.024ms
  cam5: 1776416157332783000  diff=+0.005ms
  cam6: 1776416157333095000  diff=+0.317ms
  cam7: 1776416157332912000  diff=+0.134ms
Saved /home/acerobotics/Development/zed8cam/python/checker_results/20260417_170754_00118_1776416157323894000.jpg

── Timestamp 1776416157373924000 ──
sampled=1776416157373924000  real_target(cam0)=1776416157366266000
  cam1: 1776416157366276000  diff=+0.010ms
  cam2: 1776416157366261000  diff=-0.005ms
  cam3: 1776416157366447000  diff=+0.181ms
  cam4: 1776416157366419000  diff=+0.153ms
  cam5: 1776416157366285000  diff=+0.019ms
  cam6: 1776416157366652000  diff=+0.386ms
  cam7: 1776416157366472000  diff=+0.206ms
Saved /home/acerobotics/Development/zed8cam/python/checker_results/20260417_170754_00119_1776416157373924000.jpg

── Timestamp 1776416157394508000 ──
sampled=1776416157394508000  real_target(cam0)=1776416157399555000
  cam1: 1776416157399731000  diff=+0.176ms
  cam2: 1776416157399550000  diff=-0.005ms
  cam3: 1776416157399727000  diff=+0.172ms
  cam4: 1776416157399541000  diff=-0.014ms
  cam5: 1776416157399564000  diff=+0.009ms
  cam6: 1776416157399545000  diff=-0.010ms
  cam7: 1776416157399527000  diff=-0.028ms
Saved /home/acerobotics/Development/zed8cam/python/checker_results/20260417_170754_00120_1776416157394508000.jpg

── Timestamp 1776416157440083000 ──
sampled=1776416157440083000  real_target(cam0)=1776416157432762000
  cam1: 1776416157433244000  diff=+0.482ms
  cam2: 1776416157432674000  diff=-0.088ms
  cam3: 1776416157432756000  diff=-0.006ms
  cam4: 1776416157432712000  diff=-0.050ms
  cam5: 1776416157432891000  diff=+0.129ms
  cam6: 1776416157433122000  diff=+0.360ms
  cam7: 1776416157432718000  diff=-0.044ms
Saved /home/acerobotics/Development/zed8cam/python/checker_results/20260417_170754_00121_1776416157440083000.jpg

── Timestamp 1776416157464584000 ──
sampled=1776416157464584000  real_target(cam0)=1776416157466071000
  cam1: 1776416157466082000  diff=+0.011ms
  cam2: 1776416157466009000  diff=-0.062ms
  cam3: 1776416157466101000  diff=+0.030ms
  cam4: 1776416157466045000  diff=-0.026ms
  cam5: 1776416157466280000  diff=+0.209ms
  cam6: 1776416157466052000  diff=-0.019ms
  cam7: 1776416157466033000  diff=-0.038ms
Saved /home/acerobotics/Development/zed8cam/python/checker_results/20260417_170754_00122_1776416157464584000.jpg

── Timestamp 1776416157490229000 ──
sampled=1776416157490229000  real_target(cam0)=1776416157499522000
  cam1: 1776416157499536000  diff=+0.014ms
  cam2: 1776416157499506000  diff=-0.016ms
  cam3: 1776416157499556000  diff=+0.034ms
  cam4: 1776416157499547000  diff=+0.025ms
  cam5: 1776416157499529000  diff=+0.007ms
  cam6: 1776416157499722000  diff=+0.200ms
  cam7: 1776416157499505000  diff=-0.017ms
Saved /home/acerobotics/Development/zed8cam/python/checker_results/20260417_170754_00123_1776416157490229000.jpg

── Timestamp 1776416157516435000 ──
sampled=1776416157516435000  real_target(cam0)=1776416157533037000
  cam1: 1776416157533071000  diff=+0.034ms
  cam2: 1776416157532669000  diff=-0.368ms
  cam3: 1776416157532754000  diff=-0.283ms
  cam4: 1776416157532712000  diff=-0.325ms
  cam5: 1776416157532898000  diff=-0.139ms
  cam6: 1776416157532885000  diff=-0.152ms
  cam7: 1776416157532694000  diff=-0.343ms
Saved /home/acerobotics/Development/zed8cam/python/checker_results/20260417_170754_00124_1776416157516435000.jpg

── Timestamp 1776416157575132000 ──
sampled=1776416157575132000  real_target(cam0)=1776416157566275000
  cam1: 1776416157566321000  diff=+0.046ms
  cam2: 1776416157566072000  diff=-0.203ms
  cam3: 1776416157566134000  diff=-0.141ms
  cam4: 1776416157566050000  diff=-0.225ms
  cam5: 1776416157566142000  diff=-0.133ms
  cam6: 1776416157566434000  diff=+0.159ms
  cam7: 1776416157566035000  diff=-0.240ms
Saved /home/acerobotics/Development/zed8cam/python/checker_results/20260417_170754_00125_1776416157575132000.jpg

── Timestamp 1776416157595507000 ──
sampled=1776416157595507000  real_target(cam0)=1776416157599589000
  cam1: 1776416157599391000  diff=-0.198ms
  cam2: 1776416157599383000  diff=-0.206ms
  cam3: 1776416157599405000  diff=-0.184ms
  cam4: 1776416157599426000  diff=-0.163ms
  cam5: 1776416157599400000  diff=-0.189ms
  cam6: 1776416157599775000  diff=+0.186ms
  cam7: 1776416157599346000  diff=-0.243ms
Saved /home/acerobotics/Development/zed8cam/python/checker_results/20260417_170754_00126_1776416157595507000.jpg

── Timestamp 1776416157630361000 ──
sampled=1776416157630361000  real_target(cam0)=1776416157632725000
  cam1: 1776416157632937000  diff=+0.212ms
  cam2: 1776416157632737000  diff=+0.012ms
  cam3: 1776416157632910000  diff=+0.185ms
  cam4: 1776416157632774000  diff=+0.049ms
  cam5: 1776416157632855000  diff=+0.130ms
  cam6: 1776416157633090000  diff=+0.365ms
  cam7: 1776416157632685000  diff=-0.040ms
Saved /home/acerobotics/Development/zed8cam/python/checker_results/20260417_170754_00127_1776416157630361000.jpg

── Timestamp 1776416157661943000 ──
sampled=1776416157661943000  real_target(cam0)=1776416157666062000
  cam1: 1776416157666278000  diff=+0.216ms
  cam2: 1776416157666057000  diff=-0.005ms
  cam3: 1776416157666275000  diff=+0.213ms
  cam4: 1776416157666114000  diff=+0.052ms
  cam5: 1776416157666070000  diff=+0.008ms
  cam6: 1776416157666298000  diff=+0.236ms
  cam7: 1776416157666021000  diff=-0.041ms
Saved /home/acerobotics/Development/zed8cam/python/checker_results/20260417_170754_00128_1776416157661943000.jpg

── Timestamp 1776416157691147000 ──
sampled=1776416157691147000  real_target(cam0)=1776416157699425000
  cam1: 1776416157699650000  diff=+0.225ms
  cam2: 1776416157699435000  diff=+0.010ms
  cam3: 1776416157699812000  diff=+0.387ms
  cam4: 1776416157699452000  diff=+0.027ms
  cam5: 1776416157699639000  diff=+0.214ms
  cam6: 1776416157699686000  diff=+0.261ms
  cam7: 1776416157699439000  diff=+0.014ms
Saved /home/acerobotics/Development/zed8cam/python/checker_results/20260417_170754_00129_1776416157691147000.jpg

── Timestamp 1776416157741446000 ──
sampled=1776416157741446000  real_target(cam0)=1776416157732985000
  cam1: 1776416157732962000  diff=-0.023ms
  cam2: 1776416157732739000  diff=-0.246ms
  cam3: 1776416157733158000  diff=+0.173ms
  cam4: 1776416157732785000  diff=-0.200ms
  cam5: 1776416157733178000  diff=+0.193ms
  cam6: 1776416157733257000  diff=+0.272ms
  cam7: 1776416157732690000  diff=-0.295ms
Saved /home/acerobotics/Development/zed8cam/python/checker_results/20260417_170754_00130_1776416157741446000.jpg

── Timestamp 1776416157766359000 ──
sampled=1776416157766359000  real_target(cam0)=1776416157766466000
  cam1: 1776416157766321000  diff=-0.145ms
  cam2: 1776416157766299000  diff=-0.167ms
  cam3: 1776416157766423000  diff=-0.043ms
  cam4: 1776416157766037000  diff=-0.429ms
  cam5: 1776416157766603000  diff=+0.137ms
  cam6: 1776416157766072000  diff=-0.394ms
  cam7: 1776416157766072000  diff=-0.394ms
Saved /home/acerobotics/Development/zed8cam/python/checker_results/20260417_170754_00131_1776416157766359000.jpg

── Timestamp 1776416157786499000 ──
sampled=1776416157786499000  real_target(cam0)=1776416157799775000
  cam1: 1776416157799529000  diff=-0.246ms
  cam2: 1776416157799513000  diff=-0.262ms
  cam3: 1776416157799556000  diff=-0.219ms
  cam4: 1776416157799546000  diff=-0.229ms
  cam5: 1776416157799520000  diff=-0.255ms
  cam6: 1776416157799547000  diff=-0.228ms
  cam7: 1776416157799942000  diff=+0.167ms
Saved /home/acerobotics/Development/zed8cam/python/checker_results/20260417_170754_00132_1776416157786499000.jpg

── Timestamp 1776416157836993000 ──
sampled=1776416157836993000  real_target(cam0)=1776416157832871000
  cam1: 1776416157832821000  diff=-0.050ms
  cam2: 1776416157832790000  diff=-0.081ms
  cam3: 1776416157832801000  diff=-0.070ms
  cam4: 1776416157832841000  diff=-0.030ms
  cam5: 1776416157832797000  diff=-0.074ms
  cam6: 1776416157832963000  diff=+0.092ms
  cam7: 1776416157833010000  diff=+0.139ms
Saved /home/acerobotics/Development/zed8cam/python/checker_results/20260417_170754_00133_1776416157836993000.jpg

── Timestamp 1776416157861906000 ──
sampled=1776416157861906000  real_target(cam0)=1776416157866044000
  cam1: 1776416157866061000  diff=+0.017ms
  cam2: 1776416157866054000  diff=+0.010ms
  cam3: 1776416157866262000  diff=+0.218ms
  cam4: 1776416157866078000  diff=+0.034ms
  cam5: 1776416157866088000  diff=+0.044ms
  cam6: 1776416157866265000  diff=+0.221ms
  cam7: 1776416157866014000  diff=-0.030ms
Saved /home/acerobotics/Development/zed8cam/python/checker_results/20260417_170754_00134_1776416157861906000.jpg

── Timestamp 1776416157896352000 ──
sampled=1776416157896352000  real_target(cam0)=1776416157899370000
  cam1: 1776416157899379000  diff=+0.009ms
  cam2: 1776416157899354000  diff=-0.016ms
  cam3: 1776416157899387000  diff=+0.017ms
  cam4: 1776416157899404000  diff=+0.034ms
  cam5: 1776416157899386000  diff=+0.016ms
  cam6: 1776416157899449000  diff=+0.079ms
  cam7: 1776416157899323000  diff=-0.047ms
Saved /home/acerobotics/Development/zed8cam/python/checker_results/20260417_170754_00135_1776416157896352000.jpg

── Timestamp 1776416157931690000 ──
sampled=1776416157931690000  real_target(cam0)=1776416157932713000
  cam1: 1776416157932756000  diff=+0.043ms
  cam2: 1776416157932699000  diff=-0.014ms
  cam3: 1776416157933070000  diff=+0.357ms
  cam4: 1776416157932763000  diff=+0.050ms
  cam5: 1776416157932923000  diff=+0.210ms
  cam6: 1776416157932752000  diff=+0.039ms
  cam7: 1776416157932658000  diff=-0.055ms
Saved /home/acerobotics/Development/zed8cam/python/checker_results/20260417_170754_00136_1776416157931690000.jpg

── Timestamp 1776416157956615000 ──
sampled=1776416157956615000  real_target(cam0)=1776416157966056000
  cam1: 1776416157966058000  diff=+0.002ms
  cam2: 1776416157966023000  diff=-0.033ms
  cam3: 1776416157966391000  diff=+0.335ms
  cam4: 1776416157966089000  diff=+0.033ms
  cam5: 1776416157966230000  diff=+0.174ms
  cam6: 1776416157966071000  diff=+0.015ms
  cam7: 1776416157966004000  diff=-0.052ms
Saved /home/acerobotics/Development/zed8cam/python/checker_results/20260417_170754_00137_1776416157956615000.jpg

── Timestamp 1776416157986892000 ──
sampled=1776416157986892000  real_target(cam0)=1776416157999420000
  cam1: 1776416157999391000  diff=-0.029ms
  cam2: 1776416157999364000  diff=-0.056ms
  cam3: 1776416157999417000  diff=-0.003ms
  cam4: 1776416157999446000  diff=+0.026ms
  cam5: 1776416157999383000  diff=-0.037ms
  cam6: 1776416157999538000  diff=+0.118ms
  cam7: 1776416157999655000  diff=+0.235ms
Saved /home/acerobotics/Development/zed8cam/python/checker_results/20260417_170754_00138_1776416157986892000.jpg

── Timestamp 1776416158022196000 ──
sampled=1776416158022196000  real_target(cam0)=1776416158032733000
  cam1: 1776416158032892000  diff=+0.159ms
  cam2: 1776416158032696000  diff=-0.037ms
  cam3: 1776416158032733000  diff=+0.000ms
  cam4: 1776416158032773000  diff=+0.040ms
  cam5: 1776416158032714000  diff=-0.019ms
  cam6: 1776416158032890000  diff=+0.157ms
  cam7: 1776416158032667000  diff=-0.066ms
Saved /home/acerobotics/Development/zed8cam/python/checker_results/20260417_170754_00139_1776416158022196000.jpg

── Timestamp 1776416158051497000 ──
sampled=1776416158051497000  real_target(cam0)=1776416158066047000
  cam1: 1776416158066106000  diff=+0.059ms
  cam2: 1776416158066032000  diff=-0.015ms
  cam3: 1776416158066220000  diff=+0.173ms
  cam4: 1776416158066066000  diff=+0.019ms
  cam5: 1776416158066053000  diff=+0.006ms
  cam6: 1776416158066281000  diff=+0.234ms
  cam7: 1776416158065997000  diff=-0.050ms
Saved /home/acerobotics/Development/zed8cam/python/checker_results/20260417_170754_00140_1776416158051497000.jpg

── Timestamp 1776416158101897000 ──
sampled=1776416158101897000  real_target(cam0)=1776416158099376000
  cam1: 1776416158100006000  diff=+0.630ms
  cam2: 1776416158099364000  diff=-0.012ms
  cam3: 1776416158099379000  diff=+0.003ms
  cam4: 1776416158099401000  diff=+0.025ms
  cam5: 1776416158099385000  diff=+0.009ms
  cam6: 1776416158100219000  diff=+0.843ms
  cam7: 1776416158099323000  diff=-0.053ms
Saved /home/acerobotics/Development/zed8cam/python/checker_results/20260417_170754_00141_1776416158101897000.jpg

── Timestamp 1776416158126530000 ──
sampled=1776416158126530000  real_target(cam0)=1776416158132910000
  cam1: 1776416158133332000  diff=+0.422ms
  cam2: 1776416158133165000  diff=+0.255ms
  cam3: 1776416158132964000  diff=+0.054ms
  cam4: 1776416158132902000  diff=-0.008ms
  cam5: 1776416158132925000  diff=+0.015ms
  cam6: 1776416158132986000  diff=+0.076ms
  cam7: 1776416158132893000  diff=-0.017ms
Saved /home/acerobotics/Development/zed8cam/python/checker_results/20260417_170754_00142_1776416158126530000.jpg

── Timestamp 1776416158142889000 ──
sampled=1776416158142889000  real_target(cam0)=1776416158132910000
  cam1: 1776416158133332000  diff=+0.422ms
  cam2: 1776416158133165000  diff=+0.255ms
  cam3: 1776416158132964000  diff=+0.054ms
  cam4: 1776416158132902000  diff=-0.008ms
  cam5: 1776416158132925000  diff=+0.015ms
  cam6: 1776416158132986000  diff=+0.076ms
  cam7: 1776416158132893000  diff=-0.017ms
Saved /home/acerobotics/Development/zed8cam/python/checker_results/20260417_170754_00143_1776416158142889000.jpg

── Timestamp 1776416158197194000 ──
sampled=1776416158197194000  real_target(cam0)=1776416158199386000
  cam1: 1776416158199565000  diff=+0.179ms
  cam2: 1776416158199376000  diff=-0.010ms
  cam3: 1776416158199579000  diff=+0.193ms
  cam4: 1776416158199397000  diff=+0.011ms
  cam5: 1776416158199450000  diff=+0.064ms
  cam6: 1776416158199953000  diff=+0.567ms
  cam7: 1776416158199317000  diff=-0.069ms
Saved /home/acerobotics/Development/zed8cam/python/checker_results/20260417_170754_00144_1776416158197194000.jpg

── Timestamp 1776416158241744000 ──
sampled=1776416158241744000  real_target(cam0)=1776416158232703000
  cam1: 1776416158232727000  diff=+0.024ms
  cam2: 1776416158232711000  diff=+0.008ms
  cam3: 1776416158233377000  diff=+0.674ms
  cam4: 1776416158232734000  diff=+0.031ms
  cam5: 1776416158233403000  diff=+0.700ms
  cam6: 1776416158235273000  diff=+2.570ms
  cam7: 1776416158232647000  diff=-0.056ms
Saved /home/acerobotics/Development/zed8cam/python/checker_results/20260417_170754_00145_1776416158241744000.jpg

── Timestamp 1776416158261861000 ──
sampled=1776416158261861000  real_target(cam0)=1776416158266078000
  cam1: 1776416158266106000  diff=+0.028ms
  cam2: 1776416158266298000  diff=+0.220ms
  cam3: 1776416158266677000  diff=+0.599ms
  cam4: 1776416158266059000  diff=-0.019ms
  cam5: 1776416158266083000  diff=+0.005ms
  cam6: 1776416158266065000  diff=-0.013ms
  cam7: 1776416158266036000  diff=-0.042ms
Saved /home/acerobotics/Development/zed8cam/python/checker_results/20260417_170754_00146_1776416158261861000.jpg

── Timestamp 1776416158307265000 ──
sampled=1776416158307265000  real_target(cam0)=1776416158299400000
  cam1: 1776416158299955000  diff=+0.555ms
  cam2: 1776416158299557000  diff=+0.157ms
  cam3: 1776416158299317000  diff=-0.083ms
  cam4: 1776416158299371000  diff=-0.029ms
  cam5: 1776416158299796000  diff=+0.396ms
  cam6: 1776416158299390000  diff=-0.010ms
  cam7: 1776416158299349000  diff=-0.051ms
Saved /home/acerobotics/Development/zed8cam/python/checker_results/20260417_170754_00147_1776416158307265000.jpg

── Timestamp 1776416158332032000 ──
sampled=1776416158332032000  real_target(cam0)=1776416158332752000
  cam1: 1776416158332998000  diff=+0.246ms
  cam2: 1776416158333112000  diff=+0.360ms
  cam3: 1776416158332681000  diff=-0.071ms
  cam4: 1776416158332727000  diff=-0.025ms
  cam5: 1776416158332783000  diff=+0.031ms
  cam6: 1776416158332929000  diff=+0.177ms
  cam7: 1776416158332709000  diff=-0.043ms
Saved /home/acerobotics/Development/zed8cam/python/checker_results/20260417_170754_00148_1776416158332032000.jpg

── Timestamp 1776416158377046000 ──
sampled=1776416158377046000  real_target(cam0)=1776416158366121000
  cam1: 1776416158366843000  diff=+0.722ms
  cam2: 1776416158366324000  diff=+0.203ms
  cam3: 1776416158365989000  diff=-0.132ms
  cam4: 1776416158366049000  diff=-0.072ms
  cam5: 1776416158366653000  diff=+0.532ms
  cam6: 1776416158366144000  diff=+0.023ms
  cam7: 1776416158366021000  diff=-0.100ms
Saved /home/acerobotics/Development/zed8cam/python/checker_results/20260417_170754_00149_1776416158377046000.jpg

── Timestamp 1776416158397089000 ──
sampled=1776416158397089000  real_target(cam0)=1776416158399391000
  cam1: 1776416158399644000  diff=+0.253ms
  cam2: 1776416158399601000  diff=+0.210ms
  cam3: 1776416158399326000  diff=-0.065ms
  cam4: 1776416158399372000  diff=-0.019ms
  cam5: 1776416158399437000  diff=+0.046ms
  cam6: 1776416158399379000  diff=-0.012ms
  cam7: 1776416158399357000  diff=-0.034ms
Saved /home/acerobotics/Development/zed8cam/python/checker_results/20260417_170754_00150_1776416158397089000.jpg

── Timestamp 1776416158426874000 ──
sampled=1776416158426874000  real_target(cam0)=1776416158432786000
  cam1: 1776416158433015000  diff=+0.229ms
  cam2: 1776416158432775000  diff=-0.011ms
  cam3: 1776416158433170000  diff=+0.384ms
  cam4: 1776416158432818000  diff=+0.032ms
  cam5: 1776416158432811000  diff=+0.025ms
  cam6: 1776416158432828000  diff=+0.042ms
  cam7: 1776416158432826000  diff=+0.040ms
Saved /home/acerobotics/Development/zed8cam/python/checker_results/20260417_170754_00151_1776416158426874000.jpg

── Timestamp 1776416158466678000 ──
sampled=1776416158466678000  real_target(cam0)=1776416158466059000
  cam1: 1776416158466209000  diff=+0.150ms
  cam2: 1776416158466068000  diff=+0.009ms
  cam3: 1776416158465984000  diff=-0.075ms
  cam4: 1776416158466033000  diff=-0.026ms
  cam5: 1776416158466189000  diff=+0.130ms
  cam6: 1776416158466297000  diff=+0.238ms
  cam7: 1776416158466052000  diff=-0.007ms
Saved /home/acerobotics/Development/zed8cam/python/checker_results/20260417_170754_00152_1776416158466678000.jpg

── Timestamp 1776416158486901000 ──
sampled=1776416158486901000  real_target(cam0)=1776416158499474000
  cam1: 1776416158499494000  diff=+0.020ms
  cam2: 1776416158499455000  diff=-0.019ms
  cam3: 1776416158499479000  diff=+0.005ms
  cam4: 1776416158499509000  diff=+0.035ms
  cam5: 1776416158499463000  diff=-0.011ms
  cam6: 1776416158499712000  diff=+0.238ms
  cam7: 1776416158499506000  diff=+0.032ms
Saved /home/acerobotics/Development/zed8cam/python/checker_results/20260417_170754_00153_1776416158486901000.jpg

── Timestamp 1776416158527376000 ──
sampled=1776416158527376000  real_target(cam0)=1776416158532794000
  cam1: 1776416158532830000  diff=+0.036ms
  cam2: 1776416158532792000  diff=-0.002ms
  cam3: 1776416158532807000  diff=+0.013ms
  cam4: 1776416158532819000  diff=+0.025ms
  cam5: 1776416158532797000  diff=+0.003ms
  cam6: 1776416158533509000  diff=+0.715ms
  cam7: 1776416158533032000  diff=+0.238ms
Saved /home/acerobotics/Development/zed8cam/python/checker_results/20260417_170754_00154_1776416158527376000.jpg

── Timestamp 1776416158571766000 ──
sampled=1776416158571766000  real_target(cam0)=1776416158566402000
  cam1: 1776416158566238000  diff=-0.164ms
  cam2: 1776416158566212000  diff=-0.190ms
  cam3: 1776416158565967000  diff=-0.435ms
  cam4: 1776416158566028000  diff=-0.374ms
  cam5: 1776416158566217000  diff=-0.185ms
  cam6: 1776416158566029000  diff=-0.373ms
  cam7: 1776416158566057000  diff=-0.345ms
Saved /home/acerobotics/Development/zed8cam/python/checker_results/20260417_170754_00155_1776416158571766000.jpg

── Timestamp 1776416158591532000 ──
sampled=1776416158591532000  real_target(cam0)=1776416158599659000
  cam1: 1776416158600015000  diff=+0.356ms
  cam2: 1776416158599438000  diff=-0.221ms
  cam3: 1776416158599498000  diff=-0.161ms
  cam4: 1776416158599419000  diff=-0.240ms
  cam5: 1776416158599854000  diff=+0.195ms
  cam6: 1776416158599667000  diff=+0.008ms
  cam7: 1776416158599390000  diff=-0.269ms
Saved /home/acerobotics/Development/zed8cam/python/checker_results/20260417_170754_00156_1776416158591532000.jpg

── Timestamp 1776416158627858000 ──
sampled=1776416158627858000  real_target(cam0)=1776416158632886000
  cam1: 1776416158633222000  diff=+0.336ms
  cam2: 1776416158632721000  diff=-0.165ms
  cam3: 1776416158632651000  diff=-0.235ms
  cam4: 1776416158632893000  diff=+0.007ms
  cam5: 1776416158633066000  diff=+0.180ms
  cam6: 1776416158632912000  diff=+0.026ms
  cam7: 1776416158632703000  diff=-0.183ms
Saved /home/acerobotics/Development/zed8cam/python/checker_results/20260417_170754_00157_1776416158627858000.jpg

── Timestamp 1776416158663243000 ──
sampled=1776416158663243000  real_target(cam0)=1776416158669349000
  cam1: 1776416158666501000  diff=-2.848ms
  cam2: 1776416158669121000  diff=-0.228ms
  cam3: 1776416158665977000  diff=-3.372ms
  cam4: 1776416158668727000  diff=-0.622ms
  cam5: 1776416158666360000  diff=-2.989ms
  cam6: 1776416158666195000  diff=-3.154ms
  cam7: 1776416158666005000  diff=-3.344ms
Saved /home/acerobotics/Development/zed8cam/python/checker_results/20260417_170754_00158_1776416158663243000.jpg

── Timestamp 1776416158698835000 ──
sampled=1776416158698835000  real_target(cam0)=1776416158699467000
  cam1: 1776416158699839000  diff=+0.372ms
  cam2: 1776416158699444000  diff=-0.023ms
  cam3: 1776416158699633000  diff=+0.166ms
  cam4: 1776416158699481000  diff=+0.014ms
  cam5: 1776416158699678000  diff=+0.211ms
  cam6: 1776416158700169000  diff=+0.702ms
  cam7: 1776416158700011000  diff=+0.544ms
Saved /home/acerobotics/Development/zed8cam/python/checker_results/20260417_170754_00159_1776416158698835000.jpg

── Timestamp 1776416158723723000 ──
sampled=1776416158723723000  real_target(cam0)=1776416158733653000
  cam1: 1776416158733693000  diff=+0.040ms
  cam2: 1776416158732719000  diff=-0.934ms
  cam3: 1776416158733233000  diff=-0.420ms
  cam4: 1776416158732655000  diff=-0.998ms
  cam5: 1776416158733669000  diff=+0.016ms
  cam6: 1776416158733927000  diff=+0.274ms
  cam7: 1776416158732689000  diff=-0.964ms
Saved /home/acerobotics/Development/zed8cam/python/checker_results/20260417_170754_00160_1776416158723723000.jpg

── Timestamp 1776416158773583000 ──
sampled=1776416158773583000  real_target(cam0)=1776416158766042000
  cam1: 1776416158767231000  diff=+1.189ms
  cam2: 1776416158767239000  diff=+1.197ms
  cam3: 1776416158766511000  diff=+0.469ms
  cam4: 1776416158765998000  diff=-0.044ms
  cam5: 1776416158766051000  diff=+0.009ms
  cam6: 1776416158766931000  diff=+0.889ms
  cam7: 1776416158766111000  diff=+0.069ms
Saved /home/acerobotics/Development/zed8cam/python/checker_results/20260417_170754_00161_1776416158773583000.jpg

── Timestamp 1776416158794030000 ──
sampled=1776416158794030000  real_target(cam0)=1776416158799418000
  cam1: 1776416158799641000  diff=+0.223ms
  cam2: 1776416158799400000  diff=-0.018ms
  cam3: 1776416158799600000  diff=+0.182ms
  cam4: 1776416158799311000  diff=-0.107ms
  cam5: 1776416158799422000  diff=+0.004ms
  cam6: 1776416158799380000  diff=-0.038ms
  cam7: 1776416158799443000  diff=+0.025ms
Saved /home/acerobotics/Development/zed8cam/python/checker_results/20260417_170754_00162_1776416158794030000.jpg

── Timestamp 1776416158823490000 ──
sampled=1776416158823490000  real_target(cam0)=1776416158832721000
  cam1: 1776416158832982000  diff=+0.261ms
  cam2: 1776416158832697000  diff=-0.024ms
  cam3: 1776416158832722000  diff=+0.001ms
  cam4: 1776416158832677000  diff=-0.044ms
  cam5: 1776416158832713000  diff=-0.008ms
  cam6: 1776416158833191000  diff=+0.470ms
  cam7: 1776416158832741000  diff=+0.020ms
Saved /home/acerobotics/Development/zed8cam/python/checker_results/20260417_170754_00163_1776416158823490000.jpg

── Timestamp 1776416158863782000 ──
sampled=1776416158863782000  real_target(cam0)=1776416158866081000
  cam1: 1776416158866169000  diff=+0.088ms
  cam2: 1776416158866040000  diff=-0.041ms
  cam3: 1776416158866387000  diff=+0.306ms
  cam4: 1776416158865962000  diff=-0.119ms
  cam5: 1776416158866232000  diff=+0.151ms
  cam6: 1776416158866339000  diff=+0.258ms
  cam7: 1776416158866268000  diff=+0.187ms
Saved /home/acerobotics/Development/zed8cam/python/checker_results/20260417_170754_00164_1776416158863782000.jpg

── Timestamp 1776416158889543000 ──
sampled=1776416158889543000  real_target(cam0)=1776416158899427000
  cam1: 1776416158899358000  diff=-0.069ms
  cam2: 1776416158899432000  diff=+0.005ms
  cam3: 1776416158899639000  diff=+0.212ms
  cam4: 1776416158899306000  diff=-0.121ms
  cam5: 1776416158899459000  diff=+0.032ms
  cam6: 1776416158899556000  diff=+0.129ms
  cam7: 1776416158899397000  diff=-0.030ms
Saved /home/acerobotics/Development/zed8cam/python/checker_results/20260417_170754_00165_1776416158889543000.jpg

── Timestamp 1776416158939812000 ──
sampled=1776416158939812000  real_target(cam0)=1776416158932731000
  cam1: 1776416158932706000  diff=-0.025ms
  cam2: 1776416158932899000  diff=+0.168ms
  cam3: 1776416158933082000  diff=+0.351ms
  cam4: 1776416158932652000  diff=-0.079ms
  cam5: 1776416158932973000  diff=+0.242ms
  cam6: 1776416158932964000  diff=+0.233ms
  cam7: 1776416158932722000  diff=-0.009ms
Saved /home/acerobotics/Development/zed8cam/python/checker_results/20260417_170754_00166_1776416158939812000.jpg

── Timestamp 1776416158965002000 ──
sampled=1776416158965002000  real_target(cam0)=1776416158966035000
  cam1: 1776416158966220000  diff=+0.185ms
  cam2: 1776416158966015000  diff=-0.020ms
  cam3: 1776416158966045000  diff=+0.010ms
  cam4: 1776416158965976000  diff=-0.059ms
  cam5: 1776416158966043000  diff=+0.008ms
  cam6: 1776416158966415000  diff=+0.380ms
  cam7: 1776416158966056000  diff=+0.021ms
Saved /home/acerobotics/Development/zed8cam/python/checker_results/20260417_170754_00167_1776416158965002000.jpg

── Timestamp 1776416158990200000 ──
sampled=1776416158990200000  real_target(cam0)=1776416158999370000
  cam1: 1776416158999534000  diff=+0.164ms
  cam2: 1776416158999341000  diff=-0.029ms
  cam3: 1776416158999507000  diff=+0.137ms
  cam4: 1776416158999305000  diff=-0.065ms
  cam5: 1776416158999378000  diff=+0.008ms
  cam6: 1776416158999731000  diff=+0.361ms
  cam7: 1776416158999389000  diff=+0.019ms
Saved /home/acerobotics/Development/zed8cam/python/checker_results/20260417_170754_00168_1776416158990200000.jpg

── Timestamp 1776416159019782000 ──
sampled=1776416159019782000  real_target(cam0)=1776416159032683000
  cam1: 1776416159032925000  diff=+0.242ms
  cam2: 1776416159032669000  diff=-0.014ms
  cam3: 1776416159032693000  diff=+0.010ms
  cam4: 1776416159032629000  diff=-0.054ms
  cam5: 1776416159032687000  diff=+0.004ms
  cam6: 1776416159033103000  diff=+0.420ms
  cam7: 1776416159032707000  diff=+0.024ms
Saved /home/acerobotics/Development/zed8cam/python/checker_results/20260417_170754_00169_1776416159019782000.jpg

── Timestamp 1776416159069970000 ──
sampled=1776416159069970000  real_target(cam0)=1776416159066016000
  cam1: 1776416159066073000  diff=+0.057ms
  cam2: 1776416159066024000  diff=+0.008ms
  cam3: 1776416159066291000  diff=+0.275ms
  cam4: 1776416159065966000  diff=-0.050ms
  cam5: 1776416159066030000  diff=+0.014ms
  cam6: 1776416159066276000  diff=+0.260ms
  cam7: 1776416159066037000  diff=+0.021ms
Saved /home/acerobotics/Development/zed8cam/python/checker_results/20260417_170754_00170_1776416159069970000.jpg

── Timestamp 1776416159094794000 ──
sampled=1776416159094794000  real_target(cam0)=1776416159099380000
  cam1: 1776416159099398000  diff=+0.018ms
  cam2: 1776416159099372000  diff=-0.008ms
  cam3: 1776416159099645000  diff=+0.265ms
  cam4: 1776416159099436000  diff=+0.056ms
  cam5: 1776416159099388000  diff=+0.008ms
  cam6: 1776416159099405000  diff=+0.025ms
  cam7: 1776416159099342000  diff=-0.038ms
Saved /home/acerobotics/Development/zed8cam/python/checker_results/20260417_170754_00171_1776416159094794000.jpg

── Timestamp 1776416159129724000 ──
sampled=1776416159129724000  real_target(cam0)=1776416159132711000
  cam1: 1776416159132728000  diff=+0.017ms
  cam2: 1776416159132698000  diff=-0.013ms
  cam3: 1776416159132732000  diff=+0.021ms
  cam4: 1776416159132755000  diff=+0.044ms
  cam5: 1776416159132715000  diff=+0.004ms
  cam6: 1776416159132910000  diff=+0.199ms
  cam7: 1776416159132737000  diff=+0.026ms
Saved /home/acerobotics/Development/zed8cam/python/checker_results/20260417_170754_00172_1776416159129724000.jpg

── Timestamp 1776416159179425000 ──
sampled=1776416159179425000  real_target(cam0)=1776416159166112000
  cam1: 1776416159166083000  diff=-0.029ms
  cam2: 1776416159166070000  diff=-0.042ms
  cam3: 1776416159166094000  diff=-0.018ms
  cam4: 1776416159166105000  diff=-0.007ms
  cam5: 1776416159166076000  diff=-0.036ms
  cam6: 1776416159166109000  diff=-0.003ms
  cam7: 1776416159166102000  diff=-0.010ms
Saved /home/acerobotics/Development/zed8cam/python/checker_results/20260417_170754_00173_1776416159179425000.jpg

── Timestamp 1776416159203860000 ──
sampled=1776416159203860000  real_target(cam0)=1776416159199333000
  cam1: 1776416159199399000  diff=+0.066ms
  cam2: 1776416159199460000  diff=+0.127ms
  cam3: 1776416159199366000  diff=+0.033ms
  cam4: 1776416159199393000  diff=+0.060ms
  cam5: 1776416159199364000  diff=+0.031ms
  cam6: 1776416159199584000  diff=+0.251ms
  cam7: 1776416159199333000  diff=+0.000ms
Saved /home/acerobotics/Development/zed8cam/python/checker_results/20260417_170754_00174_1776416159203860000.jpg

── Timestamp 1776416159224359000 ──
sampled=1776416159224359000  real_target(cam0)=1776416159232701000
  cam1: 1776416159232738000  diff=+0.037ms
  cam2: 1776416159232687000  diff=-0.014ms
  cam3: 1776416159232886000  diff=+0.185ms
  cam4: 1776416159232721000  diff=+0.020ms
  cam5: 1776416159232706000  diff=+0.005ms
  cam6: 1776416159232888000  diff=+0.187ms
  cam7: 1776416159232644000  diff=-0.057ms
Saved /home/acerobotics/Development/zed8cam/python/checker_results/20260417_170754_00175_1776416159224359000.jpg

── Timestamp 1776416159274662000 ──
sampled=1776416159274662000  real_target(cam0)=1776416159265992000
  cam1: 1776416159266263000  diff=+0.271ms
  cam2: 1776416159266436000  diff=+0.444ms
  cam3: 1776416159266286000  diff=+0.294ms
  cam4: 1776416159266059000  diff=+0.067ms
  cam5: 1776416159266031000  diff=+0.039ms
  cam6: 1776416159266258000  diff=+0.266ms
  cam7: 1776416159265964000  diff=-0.028ms
Saved /home/acerobotics/Development/zed8cam/python/checker_results/20260417_170754_00176_1776416159274662000.jpg

── Timestamp 1776416159299741000 ──
sampled=1776416159299741000  real_target(cam0)=1776416159299324000
  cam1: 1776416159299539000  diff=+0.215ms
  cam2: 1776416159299561000  diff=+0.237ms
  cam3: 1776416159299544000  diff=+0.220ms
  cam4: 1776416159299377000  diff=+0.053ms
  cam5: 1776416159299359000  diff=+0.035ms
  cam6: 1776416159299542000  diff=+0.218ms
  cam7: 1776416159299295000  diff=-0.029ms
Saved /home/acerobotics/Development/zed8cam/python/checker_results/20260417_170754_00177_1776416159299741000.jpg

── Timestamp 1776416159324634000 ──
sampled=1776416159324634000  real_target(cam0)=1776416159332721000
  cam1: 1776416159332767000  diff=+0.046ms
  cam2: 1776416159333124000  diff=+0.403ms
  cam3: 1776416159333157000  diff=+0.436ms
  cam4: 1776416159332708000  diff=-0.013ms
  cam5: 1776416159333129000  diff=+0.408ms
  cam6: 1776416159332937000  diff=+0.216ms
  cam7: 1776416159332651000  diff=-0.070ms
Saved /home/acerobotics/Development/zed8cam/python/checker_results/20260417_170754_00178_1776416159324634000.jpg

── Timestamp 1776416159365258000 ──
sampled=1776416159365258000  real_target(cam0)=1776416159366028000
  cam1: 1776416159366207000  diff=+0.179ms
  cam2: 1776416159366022000  diff=-0.006ms
  cam3: 1776416159366581000  diff=+0.553ms
  cam4: 1776416159366012000  diff=-0.016ms
  cam5: 1776416159366439000  diff=+0.411ms
  cam6: 1776416159366264000  diff=+0.236ms
  cam7: 1776416159365959000  diff=-0.069ms
Saved /home/acerobotics/Development/zed8cam/python/checker_results/20260417_170754_00179_1776416159365258000.jpg

── Timestamp 1776416159375279000 ──
sampled=1776416159375279000  real_target(cam0)=1776416159366028000
  cam1: 1776416159366207000  diff=+0.179ms
  cam2: 1776416159366022000  diff=-0.006ms
  cam3: 1776416159366581000  diff=+0.553ms
  cam4: 1776416159366012000  diff=-0.016ms
  cam5: 1776416159366439000  diff=+0.411ms
  cam6: 1776416159366264000  diff=+0.236ms
  cam7: 1776416159365959000  diff=-0.069ms
Saved /home/acerobotics/Development/zed8cam/python/checker_results/20260417_170754_00180_1776416159375279000.jpg

── Timestamp 1776416159429893000 ──
sampled=1776416159429893000  real_target(cam0)=1776416159432661000
  cam1: 1776416159432667000  diff=+0.006ms
  cam2: 1776416159432841000  diff=+0.180ms
  cam3: 1776416159432692000  diff=+0.031ms
  cam4: 1776416159432699000  diff=+0.038ms
  cam5: 1776416159432681000  diff=+0.020ms
  cam6: 1776416159432910000  diff=+0.249ms
  cam7: 1776416159432619000  diff=-0.042ms
Saved /home/acerobotics/Development/zed8cam/python/checker_results/20260417_170754_00181_1776416159429893000.jpg

── Timestamp 1776416159474850000 ──
sampled=1776416159474850000  real_target(cam0)=1776416159470721000
  cam1: 1776416159470458000  diff=-0.263ms
  cam2: 1776416159466029000  diff=-4.692ms
  cam3: 1776416159466062000  diff=-4.659ms
  cam4: 1776416159470873000  diff=+0.152ms
  cam5: 1776416159466048000  diff=-4.673ms
  cam6: 1776416159470490000  diff=-0.231ms
  cam7: 1776416159465985000  diff=-4.736ms
Saved /home/acerobotics/Development/zed8cam/python/checker_results/20260417_170754_00182_1776416159474850000.jpg

── Timestamp 1776416159499414000 ──
sampled=1776416159499414000  real_target(cam0)=1776416159499316000
  cam1: 1776416159499334000  diff=+0.018ms
  cam2: 1776416159499520000  diff=+0.204ms
  cam3: 1776416159499367000  diff=+0.051ms
  cam4: 1776416159499400000  diff=+0.084ms
  cam5: 1776416159499359000  diff=+0.043ms
  cam6: 1776416159499593000  diff=+0.277ms
  cam7: 1776416159499305000  diff=-0.011ms
Saved /home/acerobotics/Development/zed8cam/python/checker_results/20260417_170754_00183_1776416159499414000.jpg

── Timestamp 1776416159520197000 ──
sampled=1776416159520197000  real_target(cam0)=1776416159532662000
  cam1: 1776416159532681000  diff=+0.019ms
  cam2: 1776416159532659000  diff=-0.003ms
  cam3: 1776416159532708000  diff=+0.046ms
  cam4: 1776416159532938000  diff=+0.276ms
  cam5: 1776416159532682000  diff=+0.020ms
  cam6: 1776416159532721000  diff=+0.059ms
  cam7: 1776416159532636000  diff=-0.026ms
Saved /home/acerobotics/Development/zed8cam/python/checker_results/20260417_170754_00184_1776416159520197000.jpg

── Timestamp 1776416159545506000 ──
sampled=1776416159545506000  real_target(cam0)=1776416159532662000
  cam1: 1776416159532681000  diff=+0.019ms
  cam2: 1776416159532659000  diff=-0.003ms
  cam3: 1776416159532708000  diff=+0.046ms
  cam4: 1776416159532938000  diff=+0.276ms
  cam5: 1776416159532682000  diff=+0.020ms
  cam6: 1776416159532721000  diff=+0.059ms
  cam7: 1776416159532636000  diff=-0.026ms
Saved /home/acerobotics/Development/zed8cam/python/checker_results/20260417_170754_00185_1776416159545506000.jpg

── Timestamp 1776416159599872000 ──
sampled=1776416159599872000  real_target(cam0)=1776416159599339000
  cam1: 1776416159599349000  diff=+0.010ms
  cam2: 1776416159599417000  diff=+0.078ms
  cam3: 1776416159599369000  diff=+0.030ms
  cam4: 1776416159599674000  diff=+0.335ms
  cam5: 1776416159599369000  diff=+0.030ms
  cam6: 1776416159599389000  diff=+0.050ms
  cam7: 1776416159599305000  diff=-0.034ms
Saved /home/acerobotics/Development/zed8cam/python/checker_results/20260417_170754_00186_1776416159599872000.jpg

── Timestamp 1776416159645758000 ──
sampled=1776416159645758000  real_target(cam0)=1776416159632794000
  cam1: 1776416159632796000  diff=+0.002ms
  cam2: 1776416159632776000  diff=-0.018ms
  cam3: 1776416159632819000  diff=+0.025ms
  cam4: 1776416159632834000  diff=+0.040ms
  cam5: 1776416159632812000  diff=+0.018ms
  cam6: 1776416159633014000  diff=+0.220ms
  cam7: 1776416159632813000  diff=+0.019ms
Saved /home/acerobotics/Development/zed8cam/python/checker_results/20260417_170754_00187_1776416159645758000.jpg

── Timestamp 1776416159665866000 ──
sampled=1776416159665866000  real_target(cam0)=1776416159666019000
  cam1: 1776416159666021000  diff=+0.002ms
  cam2: 1776416159666007000  diff=-0.012ms
  cam3: 1776416159665967000  diff=-0.052ms
  cam4: 1776416159666256000  diff=+0.237ms
  cam5: 1776416159666034000  diff=+0.015ms
  cam6: 1776416159666233000  diff=+0.214ms
  cam7: 1776416159666059000  diff=+0.040ms
Saved /home/acerobotics/Development/zed8cam/python/checker_results/20260417_170754_00188_1776416159665866000.jpg

── Timestamp 1776416159691127000 ──
sampled=1776416159691127000  real_target(cam0)=1776416159699321000
  cam1: 1776416159699328000  diff=+0.007ms
  cam2: 1776416159699468000  diff=+0.147ms
  cam3: 1776416159699503000  diff=+0.182ms
  cam4: 1776416159699492000  diff=+0.171ms
  cam5: 1776416159699697000  diff=+0.376ms
  cam6: 1776416159699872000  diff=+0.551ms
  cam7: 1776416159699475000  diff=+0.154ms
Saved /home/acerobotics/Development/zed8cam/python/checker_results/20260417_170754_00189_1776416159691127000.jpg

── Timestamp 1776416159721154000 ──
sampled=1776416159721154000  real_target(cam0)=1776416159732730000
  cam1: 1776416159732738000  diff=+0.008ms
  cam2: 1776416159732840000  diff=+0.110ms
  cam3: 1776416159732632000  diff=-0.098ms
  cam4: 1776416159732848000  diff=+0.118ms
  cam5: 1776416159732997000  diff=+0.267ms
  cam6: 1776416159732690000  diff=-0.040ms
  cam7: 1776416159732667000  diff=-0.063ms
Saved /home/acerobotics/Development/zed8cam/python/checker_results/20260417_170754_00190_1776416159721154000.jpg

── Timestamp 1776416159771211000 ──
sampled=1776416159771211000  real_target(cam0)=1776416159766064000
  cam1: 1776416159766128000  diff=+0.064ms
  cam2: 1776416159766777000  diff=+0.713ms
  cam3: 1776416159765982000  diff=-0.082ms
  cam4: 1776416159766924000  diff=+0.860ms
  cam5: 1776416159766138000  diff=+0.074ms
  cam6: 1776416159766021000  diff=-0.043ms
  cam7: 1776416159766504000  diff=+0.440ms
Saved /home/acerobotics/Development/zed8cam/python/checker_results/20260417_170754_00191_1776416159771211000.jpg

── Timestamp 1776416159791659000 ──
sampled=1776416159791659000  real_target(cam0)=1776416159799373000
  cam1: 1776416159799378000  diff=+0.005ms
  cam2: 1776416159799668000  diff=+0.295ms
  cam3: 1776416159799298000  diff=-0.075ms
  cam4: 1776416159799397000  diff=+0.024ms
  cam5: 1776416159799505000  diff=+0.132ms
  cam6: 1776416159799543000  diff=+0.170ms
  cam7: 1776416159799382000  diff=+0.009ms
Saved /home/acerobotics/Development/zed8cam/python/checker_results/20260417_170754_00192_1776416159791659000.jpg

── Timestamp 1776416159835961000 ──
sampled=1776416159835961000  real_target(cam0)=1776416159832772000
  cam1: 1776416159832736000  diff=-0.036ms
  cam2: 1776416159833627000  diff=+0.855ms
  cam3: 1776416159832629000  diff=-0.143ms
  cam4: 1776416159833057000  diff=+0.285ms
  cam5: 1776416159832718000  diff=-0.054ms
  cam6: 1776416159833187000  diff=+0.415ms
  cam7: 1776416159832898000  diff=+0.126ms
Saved /home/acerobotics/Development/zed8cam/python/checker_results/20260417_170754_00193_1776416159835961000.jpg

── Timestamp 1776416159856223000 ──
sampled=1776416159856223000  real_target(cam0)=1776416159866042000
  cam1: 1776416159866049000  diff=+0.007ms
  cam2: 1776416159866039000  diff=-0.003ms
  cam3: 1776416159865968000  diff=-0.074ms
  cam4: 1776416159866207000  diff=+0.165ms
  cam5: 1776416159866355000  diff=+0.313ms
  cam6: 1776416159866190000  diff=+0.148ms
  cam7: 1776416159866015000  diff=-0.027ms
Saved /home/acerobotics/Development/zed8cam/python/checker_results/20260417_170754_00194_1776416159856223000.jpg

── Timestamp 1776416159881577000 ──
sampled=1776416159881577000  real_target(cam0)=1776416159866042000
  cam1: 1776416159866049000  diff=+0.007ms
  cam2: 1776416159866039000  diff=-0.003ms
  cam3: 1776416159865968000  diff=-0.074ms
  cam4: 1776416159866207000  diff=+0.165ms
  cam5: 1776416159866355000  diff=+0.313ms
  cam6: 1776416159866190000  diff=+0.148ms
  cam7: 1776416159866015000  diff=-0.027ms
Saved /home/acerobotics/Development/zed8cam/python/checker_results/20260417_170754_00195_1776416159881577000.jpg

── Timestamp 1776416159916718000 ──
sampled=1776416159916718000  real_target(cam0)=1776416159932737000
  cam1: 1776416159932704000  diff=-0.033ms
  cam2: 1776416159932701000  diff=-0.036ms
  cam3: 1776416159932631000  diff=-0.106ms
  cam4: 1776416159932663000  diff=-0.074ms
  cam5: 1776416159932890000  diff=+0.153ms
  cam6: 1776416159932857000  diff=+0.120ms
  cam7: 1776416159932654000  diff=-0.083ms
Saved /home/acerobotics/Development/zed8cam/python/checker_results/20260417_170754_00196_1776416159916718000.jpg

── Timestamp 1776416159961623000 ──
sampled=1776416159961623000  real_target(cam0)=1776416159966068000
  cam1: 1776416159966076000  diff=+0.008ms
  cam2: 1776416159966056000  diff=-0.012ms
  cam3: 1776416159965959000  diff=-0.109ms
  cam4: 1776416159966215000  diff=+0.147ms
  cam5: 1776416159966221000  diff=+0.153ms
  cam6: 1776416159966013000  diff=-0.055ms
  cam7: 1776416159966001000  diff=-0.067ms
Saved /home/acerobotics/Development/zed8cam/python/checker_results/20260417_170754_00197_1776416159961623000.jpg

── Timestamp 1776416160006801000 ──
sampled=1776416160006801000  real_target(cam0)=1776416159999589000
  cam1: 1776416159999684000  diff=+0.095ms
  cam2: 1776416159999585000  diff=-0.004ms
  cam3: 1776416159999612000  diff=+0.023ms
  cam4: 1776416159999685000  diff=+0.096ms
  cam5: 1776416159999599000  diff=+0.010ms
  cam6: 1776416159999645000  diff=+0.056ms
  cam7: 1776416159999637000  diff=+0.048ms
Saved /home/acerobotics/Development/zed8cam/python/checker_results/20260417_170754_00198_1776416160006801000.jpg

── Timestamp 1776416160031284000 ──
sampled=1776416160031284000  real_target(cam0)=1776416160032808000
  cam1: 1776416160032839000  diff=+0.031ms
  cam2: 1776416160032818000  diff=+0.010ms
  cam3: 1776416160032849000  diff=+0.041ms
  cam4: 1776416160032908000  diff=+0.100ms
  cam5: 1776416160032829000  diff=+0.021ms
  cam6: 1776416160033113000  diff=+0.305ms
  cam7: 1776416160032887000  diff=+0.079ms
Saved /home/acerobotics/Development/zed8cam/python/checker_results/20260417_170754_00199_1776416160031284000.jpg

── Timestamp 1776416160066848000 ──
sampled=1776416160066848000  real_target(cam0)=1776416160066054000
  cam1: 1776416160066063000  diff=+0.009ms
  cam2: 1776416160066043000  diff=-0.011ms
  cam3: 1776416160065970000  diff=-0.084ms
  cam4: 1776416160066005000  diff=-0.049ms
  cam5: 1776416160066438000  diff=+0.384ms
  cam6: 1776416160066230000  diff=+0.176ms
  cam7: 1776416160066201000  diff=+0.147ms
Saved /home/acerobotics/Development/zed8cam/python/checker_results/20260417_170754_00200_1776416160066848000.jpg

── Timestamp 1776416160106973000 ──
sampled=1776416160106973000  real_target(cam0)=1776416160099358000
  cam1: 1776416160099366000  diff=+0.008ms
  cam2: 1776416160099354000  diff=-0.004ms
  cam3: 1776416160099281000  diff=-0.077ms
  cam4: 1776416160099318000  diff=-0.040ms
  cam5: 1776416160099637000  diff=+0.279ms
  cam6: 1776416160099332000  diff=-0.026ms
  cam7: 1776416160099471000  diff=+0.113ms
Saved /home/acerobotics/Development/zed8cam/python/checker_results/20260417_170754_00201_1776416160106973000.jpg

── Timestamp 1776416160127192000 ──
sampled=1776416160127192000  real_target(cam0)=1776416160132729000
  cam1: 1776416160132736000  diff=+0.007ms
  cam2: 1776416160132722000  diff=-0.007ms
  cam3: 1776416160132767000  diff=+0.038ms
  cam4: 1776416160132911000  diff=+0.182ms
  cam5: 1776416160132742000  diff=+0.013ms
  cam6: 1776416160132714000  diff=-0.015ms
  cam7: 1776416160132705000  diff=-0.024ms
Saved /home/acerobotics/Development/zed8cam/python/checker_results/20260417_170754_00202_1776416160127192000.jpg

── Timestamp 1776416160151827000 ──
sampled=1776416160151827000  real_target(cam0)=1776416160166065000
  cam1: 1776416160166078000  diff=+0.013ms
  cam2: 1776416160166046000  diff=-0.019ms
  cam3: 1776416160165955000  diff=-0.110ms
  cam4: 1776416160166016000  diff=-0.049ms
  cam5: 1776416160166028000  diff=-0.037ms
  cam6: 1776416160166007000  diff=-0.058ms
  cam7: 1776416160165998000  diff=-0.067ms
Saved /home/acerobotics/Development/zed8cam/python/checker_results/20260417_170754_00203_1776416160151827000.jpg

── Timestamp 1776416160201652000 ──
sampled=1776416160201652000  real_target(cam0)=1776416160199361000
  cam1: 1776416160199367000  diff=+0.006ms
  cam2: 1776416160199352000  diff=-0.009ms
  cam3: 1776416160200835000  diff=+1.474ms
  cam4: 1776416160199704000  diff=+0.343ms
  cam5: 1776416160199558000  diff=+0.197ms
  cam6: 1776416160199509000  diff=+0.148ms
  cam7: 1776416160200786000  diff=+1.425ms
Saved /home/acerobotics/Development/zed8cam/python/checker_results/20260417_170754_00204_1776416160201652000.jpg

── Timestamp 1776416160226429000 ──
sampled=1776416160226429000  real_target(cam0)=1776416160232766000
  cam1: 1776416160232771000  diff=+0.005ms
  cam2: 1776416160232751000  diff=-0.015ms
  cam3: 1776416160232823000  diff=+0.057ms
  cam4: 1776416160232957000  diff=+0.191ms
  cam5: 1776416160232758000  diff=-0.008ms
  cam6: 1776416160232780000  diff=+0.014ms
  cam7: 1776416160232775000  diff=+0.009ms
Saved /home/acerobotics/Development/zed8cam/python/checker_results/20260417_170754_00205_1776416160226429000.jpg

── Timestamp 1776416160251453000 ──
sampled=1776416160251453000  real_target(cam0)=1776416160266024000
  cam1: 1776416160266029000  diff=+0.005ms
  cam2: 1776416160266010000  diff=-0.014ms
  cam3: 1776416160266036000  diff=+0.012ms
  cam4: 1776416160266205000  diff=+0.181ms
  cam5: 1776416160266387000  diff=+0.363ms
  cam6: 1776416160266563000  diff=+0.539ms
  cam7: 1776416160266222000  diff=+0.198ms
Saved /home/acerobotics/Development/zed8cam/python/checker_results/20260417_170754_00206_1776416160251453000.jpg

── Timestamp 1776416160301715000 ──
sampled=1776416160301715000  real_target(cam0)=1776416160299404000
  cam1: 1776416160299384000  diff=-0.020ms
  cam2: 1776416160299518000  diff=+0.114ms
  cam3: 1776416160299385000  diff=-0.019ms
  cam4: 1776416160299331000  diff=-0.073ms
  cam5: 1776416160299377000  diff=-0.027ms
  cam6: 1776416160299347000  diff=-0.057ms
  cam7: 1776416160299529000  diff=+0.125ms
Saved /home/acerobotics/Development/zed8cam/python/checker_results/20260417_170754_00207_1776416160301715000.jpg

── Timestamp 1776416160341365000 ──
sampled=1776416160341365000  real_target(cam0)=1776416160332682000
  cam1: 1776416160332779000  diff=+0.097ms
  cam2: 1776416160332700000  diff=+0.018ms
  cam3: 1776416160332587000  diff=-0.095ms
  cam4: 1776416160332641000  diff=-0.041ms
  cam5: 1776416160332728000  diff=+0.046ms
  cam6: 1776416160332660000  diff=-0.022ms
  cam7: 1776416160332743000  diff=+0.061ms
Saved /home/acerobotics/Development/zed8cam/python/checker_results/20260417_170754_00208_1776416160341365000.jpg

── Timestamp 1776416160361596000 ──
sampled=1776416160361596000  real_target(cam0)=1776416160366034000
  cam1: 1776416160366278000  diff=+0.244ms
  cam2: 1776416160366050000  diff=+0.016ms
  cam3: 1776416160365936000  diff=-0.098ms
  cam4: 1776416160365975000  diff=-0.059ms
  cam5: 1776416160366041000  diff=+0.007ms
  cam6: 1776416160366006000  diff=-0.028ms
  cam7: 1776416160366134000  diff=+0.100ms
Saved /home/acerobotics/Development/zed8cam/python/checker_results/20260417_170754_00209_1776416160361596000.jpg

── Timestamp 1776416160386553000 ──
sampled=1776416160386553000  real_target(cam0)=1776416160399642000
  cam1: 1776416160399479000  diff=-0.163ms
  cam2: 1776416160399364000  diff=-0.278ms
  cam3: 1776416160399279000  diff=-0.363ms
  cam4: 1776416160399302000  diff=-0.340ms
  cam5: 1776416160399353000  diff=-0.289ms
  cam6: 1776416160399326000  diff=-0.316ms
  cam7: 1776416160399468000  diff=-0.174ms
Saved /home/acerobotics/Development/zed8cam/python/checker_results/20260417_170754_00210_1776416160386553000.jpg

── Timestamp 1776416160437005000 ──
sampled=1776416160437005000  real_target(cam0)=1776416160432689000
  cam1: 1776416160432707000  diff=+0.018ms
  cam2: 1776416160432679000  diff=-0.010ms
  cam3: 1776416160432609000  diff=-0.080ms
  cam4: 1776416160432643000  diff=-0.046ms
  cam5: 1776416160432742000  diff=+0.053ms
  cam6: 1776416160432675000  diff=-0.014ms
  cam7: 1776416160432639000  diff=-0.050ms
Saved /home/acerobotics/Development/zed8cam/python/checker_results/20260417_170754_00211_1776416160437005000.jpg

── Timestamp 1776416160461816000 ──
sampled=1776416160461816000  real_target(cam0)=1776416160466018000
  cam1: 1776416160466157000  diff=+0.139ms
  cam2: 1776416160466177000  diff=+0.159ms
  cam3: 1776416160466039000  diff=+0.021ms
  cam4: 1776416160465970000  diff=-0.048ms
  cam5: 1776416160466031000  diff=+0.013ms
  cam6: 1776416160466008000  diff=-0.010ms
  cam7: 1776416160465948000  diff=-0.070ms
Saved /home/acerobotics/Development/zed8cam/python/checker_results/20260417_170754_00212_1776416160461816000.jpg

── Timestamp 1776416160506581000 ──
sampled=1776416160506581000  real_target(cam0)=1776416160499323000
  cam1: 1776416160500143000  diff=+0.820ms
  cam2: 1776416160499312000  diff=-0.011ms
  cam3: 1776416160499342000  diff=+0.019ms
  cam4: 1776416160499983000  diff=+0.660ms
  cam5: 1776416160499339000  diff=+0.016ms
  cam6: 1776416160499311000  diff=-0.012ms
  cam7: 1776416160499280000  diff=-0.043ms
Saved /home/acerobotics/Development/zed8cam/python/checker_results/20260417_170754_00213_1776416160506581000.jpg

── Timestamp 1776416160527015000 ──
sampled=1776416160527015000  real_target(cam0)=1776416160532657000
  cam1: 1776416160532869000  diff=+0.212ms
  cam2: 1776416160532669000  diff=+0.012ms
  cam3: 1776416160532682000  diff=+0.025ms
  cam4: 1776416160532729000  diff=+0.072ms
  cam5: 1776416160532673000  diff=+0.016ms
  cam6: 1776416160532646000  diff=-0.011ms
  cam7: 1776416160532614000  diff=-0.043ms
Saved /home/acerobotics/Development/zed8cam/python/checker_results/20260417_170754_00214_1776416160527015000.jpg

── Timestamp 1776416160552658000 ──
sampled=1776416160552658000  real_target(cam0)=1776416160566121000
  cam1: 1776416160565989000  diff=-0.132ms
  cam2: 1776416160565967000  diff=-0.154ms
  cam3: 1776416160566019000  diff=-0.102ms
  cam4: 1776416160566030000  diff=-0.091ms
  cam5: 1776416160565984000  diff=-0.137ms
  cam6: 1776416160565950000  diff=-0.171ms
  cam7: 1776416160565934000  diff=-0.187ms
Saved /home/acerobotics/Development/zed8cam/python/checker_results/20260417_170754_00215_1776416160552658000.jpg

── Timestamp 1776416160582122000 ──
sampled=1776416160582122000  real_target(cam0)=1776416160566121000
  cam1: 1776416160565989000  diff=-0.132ms
  cam2: 1776416160565967000  diff=-0.154ms
  cam3: 1776416160566019000  diff=-0.102ms
  cam4: 1776416160566030000  diff=-0.091ms
  cam5: 1776416160565984000  diff=-0.137ms
  cam6: 1776416160565950000  diff=-0.171ms
  cam7: 1776416160565934000  diff=-0.187ms
Saved /home/acerobotics/Development/zed8cam/python/checker_results/20260417_170754_00216_1776416160582122000.jpg

── Timestamp 1776416160632158000 ──
sampled=1776416160632158000  real_target(cam0)=1776416160632681000
  cam1: 1776416160632883000  diff=+0.202ms
  cam2: 1776416160632815000  diff=+0.134ms
  cam3: 1776416160632982000  diff=+0.301ms
  cam4: 1776416160632908000  diff=+0.227ms
  cam5: 1776416160633330000  diff=+0.649ms
  cam6: 1776416160632648000  diff=-0.033ms
  cam7: 1776416160632621000  diff=-0.060ms
Saved /home/acerobotics/Development/zed8cam/python/checker_results/20260417_170754_00217_1776416160632158000.jpg

── Timestamp 1776416160657684000 ──
sampled=1776416160657684000  real_target(cam0)=1776416160666068000
  cam1: 1776416160666032000  diff=-0.036ms
  cam2: 1776416160665991000  diff=-0.077ms
  cam3: 1776416160666018000  diff=-0.050ms
  cam4: 1776416160666047000  diff=-0.021ms
  cam5: 1776416160666678000  diff=+0.610ms
  cam6: 1776416160665979000  diff=-0.089ms
  cam7: 1776416160665954000  diff=-0.114ms
Saved /home/acerobotics/Development/zed8cam/python/checker_results/20260417_170754_00218_1776416160657684000.jpg

── Timestamp 1776416160707208000 ──
sampled=1776416160707208000  real_target(cam0)=1776416160699321000
  cam1: 1776416160699347000  diff=+0.026ms
  cam2: 1776416160699329000  diff=+0.008ms
  cam3: 1776416160699504000  diff=+0.183ms
  cam4: 1776416160699373000  diff=+0.052ms
  cam5: 1776416160699621000  diff=+0.300ms
  cam6: 1776416160699303000  diff=-0.018ms
  cam7: 1776416160699281000  diff=-0.040ms
Saved /home/acerobotics/Development/zed8cam/python/checker_results/20260417_170754_00219_1776416160707208000.jpg

── Timestamp 1776416160732689000 ──
sampled=1776416160732689000  real_target(cam0)=1776416160732777000
  cam1: 1776416160732791000  diff=+0.014ms
  cam2: 1776416160732783000  diff=+0.006ms
  cam3: 1776416160732802000  diff=+0.025ms
  cam4: 1776416160732754000  diff=-0.023ms
  cam5: 1776416160732769000  diff=-0.008ms
  cam6: 1776416160732768000  diff=-0.009ms
  cam7: 1776416160732833000  diff=+0.056ms
Saved /home/acerobotics/Development/zed8cam/python/checker_results/20260417_170754_00220_1776416160732689000.jpg

── Timestamp 1776416160758153000 ──
sampled=1776416160758153000  real_target(cam0)=1776416160766988000
  cam1: 1776416160766066000  diff=-0.922ms
  cam2: 1776416160765984000  diff=-1.004ms
  cam3: 1776416160766226000  diff=-0.762ms
  cam4: 1776416160766042000  diff=-0.946ms
  cam5: 1776416160766361000  diff=-0.627ms
  cam6: 1776416160765979000  diff=-1.009ms
  cam7: 1776416160765946000  diff=-1.042ms
Saved /home/acerobotics/Development/zed8cam/python/checker_results/20260417_170754_00221_1776416160758153000.jpg

── Timestamp 1776416160808415000 ──
sampled=1776416160808415000  real_target(cam0)=1776416160799389000
  cam1: 1776416160799350000  diff=-0.039ms
  cam2: 1776416160799500000  diff=+0.111ms
  cam3: 1776416160799586000  diff=+0.197ms
  cam4: 1776416160799417000  diff=+0.028ms
  cam5: 1776416160799549000  diff=+0.160ms
  cam6: 1776416160799280000  diff=-0.109ms
  cam7: 1776416160799269000  diff=-0.120ms
Saved /home/acerobotics/Development/zed8cam/python/checker_results/20260417_170754_00222_1776416160808415000.jpg

── Timestamp 1776416160828794000 ──
sampled=1776416160828794000  real_target(cam0)=1776416160832674000
  cam1: 1776416160832690000  diff=+0.016ms
  cam2: 1776416160832817000  diff=+0.143ms
  cam3: 1776416160832705000  diff=+0.031ms
  cam4: 1776416160832789000  diff=+0.115ms
  cam5: 1776416160832697000  diff=+0.023ms
  cam6: 1776416160832631000  diff=-0.043ms
  cam7: 1776416160832601000  diff=-0.073ms
Saved /home/acerobotics/Development/zed8cam/python/checker_results/20260417_170754_00223_1776416160828794000.jpg

── Timestamp 1776416160853901000 ──
sampled=1776416160853901000  real_target(cam0)=1776416160866742000
  cam1: 1776416160866012000  diff=-0.730ms
  cam2: 1776416160865991000  diff=-0.751ms
  cam3: 1776416160866964000  diff=+0.222ms
  cam4: 1776416160866433000  diff=-0.309ms
  cam5: 1776416160866003000  diff=-0.739ms
  cam6: 1776416160865977000  diff=-0.765ms
  cam7: 1776416160865944000  diff=-0.798ms
Saved /home/acerobotics/Development/zed8cam/python/checker_results/20260417_170754_00224_1776416160853901000.jpg

── Timestamp 1776416160903754000 ──
sampled=1776416160903754000  real_target(cam0)=1776416160899671000
  cam1: 1776416160899330000  diff=-0.341ms
  cam2: 1776416160899515000  diff=-0.156ms
  cam3: 1776416160899348000  diff=-0.323ms
  cam4: 1776416160899283000  diff=-0.388ms
  cam5: 1776416160899318000  diff=-0.353ms
  cam6: 1776416160899295000  diff=-0.376ms
  cam7: 1776416160899267000  diff=-0.404ms
Saved /home/acerobotics/Development/zed8cam/python/checker_results/20260417_170754_00225_1776416160903754000.jpg

── Timestamp 1776416160928121000 ──
sampled=1776416160928121000  real_target(cam0)=1776416160932655000
  cam1: 1776416160932646000  diff=-0.009ms
  cam2: 1776416160932786000  diff=+0.131ms
  cam3: 1776416160932871000  diff=+0.216ms
  cam4: 1776416160932976000  diff=+0.321ms
  cam5: 1776416160932642000  diff=-0.013ms
  cam6: 1776416160932700000  diff=+0.045ms
  cam7: 1776416160932595000  diff=-0.060ms
Saved /home/acerobotics/Development/zed8cam/python/checker_results/20260417_170754_00226_1776416160928121000.jpg

── Timestamp 1776416160969097000 ──
sampled=1776416160969097000  real_target(cam0)=1776416160966026000
  cam1: 1776416160965973000  diff=-0.053ms
  cam2: 1776416160966440000  diff=+0.414ms
  cam3: 1776416160966223000  diff=+0.197ms
  cam4: 1776416160966255000  diff=+0.229ms
  cam5: 1776416160965968000  diff=-0.058ms
  cam6: 1776416160966013000  diff=-0.013ms
  cam7: 1776416160965957000  diff=-0.069ms
Saved /home/acerobotics/Development/zed8cam/python/checker_results/20260417_170754_00227_1776416160969097000.jpg

── Timestamp 1776416160993837000 ──
sampled=1776416160993837000  real_target(cam0)=1776416160999297000
  cam1: 1776416160999307000  diff=+0.010ms
  cam2: 1776416160999374000  diff=+0.077ms
  cam3: 1776416160999533000  diff=+0.236ms
  cam4: 1776416160999344000  diff=+0.047ms
  cam5: 1776416160999304000  diff=+0.007ms
  cam6: 1776416160999580000  diff=+0.283ms
  cam7: 1776416160999267000  diff=-0.030ms
Saved /home/acerobotics/Development/zed8cam/python/checker_results/20260417_170754_00228_1776416160993837000.jpg

── Timestamp 1776416161019346000 ──
sampled=1776416161019346000  real_target(cam0)=1776416161032812000
  cam1: 1776416161032834000  diff=+0.022ms
  cam2: 1776416161032687000  diff=-0.125ms
  cam3: 1776416161032817000  diff=+0.005ms
  cam4: 1776416161032613000  diff=-0.199ms
  cam5: 1776416161032678000  diff=-0.134ms
  cam6: 1776416161032618000  diff=-0.194ms
  cam7: 1776416161032602000  diff=-0.210ms
Saved /home/acerobotics/Development/zed8cam/python/checker_results/20260417_170754_00229_1776416161019346000.jpg

── Timestamp 1776416161069024000 ──
sampled=1776416161069024000  real_target(cam0)=1776416161066059000
  cam1: 1776416161066069000  diff=+0.010ms
  cam2: 1776416161066035000  diff=-0.024ms
  cam3: 1776416161066084000  diff=+0.025ms
  cam4: 1776416161066258000  diff=+0.199ms
  cam5: 1776416161066076000  diff=+0.017ms
  cam6: 1776416161066715000  diff=+0.656ms
  cam7: 1776416161066115000  diff=+0.056ms
Saved /home/acerobotics/Development/zed8cam/python/checker_results/20260417_170754_00230_1776416161069024000.jpg

── Timestamp 1776416161094524000 ──
sampled=1776416161094524000  real_target(cam0)=1776416161099587000
  cam1: 1776416161099757000  diff=+0.170ms
  cam2: 1776416161099359000  diff=-0.228ms
  cam3: 1776416161099376000  diff=-0.211ms
  cam4: 1776416161099300000  diff=-0.287ms
  cam5: 1776416161099372000  diff=-0.215ms
  cam6: 1776416161099307000  diff=-0.280ms
  cam7: 1776416161099775000  diff=+0.188ms
Saved /home/acerobotics/Development/zed8cam/python/checker_results/20260417_170754_00231_1776416161094524000.jpg

── Timestamp 1776416161144043000 ──
sampled=1776416161144043000  real_target(cam0)=1776416161132810000
  cam1: 1776416161132970000  diff=+0.160ms
  cam2: 1776416161132639000  diff=-0.171ms
  cam3: 1776416161133781000  diff=+0.971ms
  cam4: 1776416161132598000  diff=-0.212ms
  cam5: 1776416161132669000  diff=-0.141ms
  cam6: 1776416161133802000  diff=+0.992ms
  cam7: 1776416161133145000  diff=+0.335ms
Saved /home/acerobotics/Development/zed8cam/python/checker_results/20260417_170754_00232_1776416161144043000.jpg

── Timestamp 1776416161168532000 ──
sampled=1776416161168532000  real_target(cam0)=1776416161165990000
  cam1: 1776416161166201000  diff=+0.211ms
  cam2: 1776416161166362000  diff=+0.372ms
  cam3: 1776416161166206000  diff=+0.216ms
  cam4: 1776416161166048000  diff=+0.058ms
  cam5: 1776416161165966000  diff=-0.024ms
  cam6: 1776416161165922000  diff=-0.068ms
  cam7: 1776416161166499000  diff=+0.509ms
Saved /home/acerobotics/Development/zed8cam/python/checker_results/20260417_170754_00233_1776416161168532000.jpg

── Timestamp 1776416161213597000 ──
sampled=1776416161213597000  real_target(cam0)=1776416161199324000
  cam1: 1776416161199519000  diff=+0.195ms
  cam2: 1776416161199697000  diff=+0.373ms
  cam3: 1776416161199448000  diff=+0.124ms
  cam4: 1776416161199531000  diff=+0.207ms
  cam5: 1776416161199299000  diff=-0.025ms
  cam6: 1776416161199248000  diff=-0.076ms
  cam7: 1776416161199546000  diff=+0.222ms
Saved /home/acerobotics/Development/zed8cam/python/checker_results/20260417_170754_00234_1776416161213597000.jpg

── Timestamp 1776416161238308000 ──
sampled=1776416161238308000  real_target(cam0)=1776416161232864000
  cam1: 1776416161233026000  diff=+0.162ms
  cam2: 1776416161232649000  diff=-0.215ms
  cam3: 1776416161232657000  diff=-0.207ms
  cam4: 1776416161232600000  diff=-0.264ms
  cam5: 1776416161232655000  diff=-0.209ms
  cam6: 1776416161232609000  diff=-0.255ms
  cam7: 1776416161233173000  diff=+0.309ms
Saved /home/acerobotics/Development/zed8cam/python/checker_results/20260417_170754_00235_1776416161238308000.jpg

── Timestamp 1776416161259275000 ──
sampled=1776416161259275000  real_target(cam0)=1776416161266384000
  cam1: 1776416161266536000  diff=+0.152ms
  cam2: 1776416161266235000  diff=-0.149ms
  cam3: 1776416161266785000  diff=+0.401ms
  cam4: 1776416161266110000  diff=-0.274ms
  cam5: 1776416161266056000  diff=-0.328ms
  cam6: 1776416161266573000  diff=+0.189ms
  cam7: 1776416161266032000  diff=-0.352ms
Saved /home/acerobotics/Development/zed8cam/python/checker_results/20260417_170754_00236_1776416161259275000.jpg

── Timestamp 1776416161284131000 ──
sampled=1776416161284131000  real_target(cam0)=1776416161299523000
  cam1: 1776416161299672000  diff=+0.149ms
  cam2: 1776416161299287000  diff=-0.236ms
  cam3: 1776416161299322000  diff=-0.201ms
  cam4: 1776416161299282000  diff=-0.241ms
  cam5: 1776416161299307000  diff=-0.216ms
  cam6: 1776416161299528000  diff=+0.005ms
  cam7: 1776416161299828000  diff=+0.305ms
Saved /home/acerobotics/Development/zed8cam/python/checker_results/20260417_170754_00237_1776416161284131000.jpg

── Timestamp 1776416161334091000 ──
sampled=1776416161334091000  real_target(cam0)=1776416161332605000
  cam1: 1776416161332683000  diff=+0.078ms
  cam2: 1776416161332835000  diff=+0.230ms
  cam3: 1776416161333083000  diff=+0.478ms
  cam4: 1776416161332930000  diff=+0.325ms
  cam5: 1776416161332679000  diff=+0.074ms
  cam6: 1776416161332647000  diff=+0.042ms
  cam7: 1776416161332732000  diff=+0.127ms
Saved /home/acerobotics/Development/zed8cam/python/checker_results/20260417_170754_00238_1776416161334091000.jpg

── Timestamp 1776416161359218000 ──
sampled=1776416161359218000  real_target(cam0)=1776416161365931000
  cam1: 1776416161366013000  diff=+0.082ms
  cam2: 1776416161366165000  diff=+0.234ms
  cam3: 1776416161366603000  diff=+0.672ms
  cam4: 1776416161366611000  diff=+0.680ms
  cam5: 1776416161366008000  diff=+0.077ms
  cam6: 1776416161365984000  diff=+0.053ms
  cam7: 1776416161366021000  diff=+0.090ms
Saved /home/acerobotics/Development/zed8cam/python/checker_results/20260417_170754_00239_1776416161359218000.jpg

── Timestamp 1776416161408967000 ──
sampled=1776416161408967000  real_target(cam0)=1776416161399279000
  cam1: 1776416161399346000  diff=+0.067ms
  cam2: 1776416161399686000  diff=+0.407ms
  cam3: 1776416161399399000  diff=+0.120ms
  cam4: 1776416161399366000  diff=+0.087ms
  cam5: 1776416161399342000  diff=+0.063ms
  cam6: 1776416161399509000  diff=+0.230ms
  cam7: 1776416161399299000  diff=+0.020ms
Saved /home/acerobotics/Development/zed8cam/python/checker_results/20260417_170754_00240_1776416161408967000.jpg

── Timestamp 1776416161433676000 ──
sampled=1776416161433676000  real_target(cam0)=1776416161432605000
  cam1: 1776416161432651000  diff=+0.046ms
  cam2: 1776416161432635000  diff=+0.030ms
  cam3: 1776416161432701000  diff=+0.096ms
  cam4: 1776416161432864000  diff=+0.259ms
  cam5: 1776416161432656000  diff=+0.051ms
  cam6: 1776416161432869000  diff=+0.264ms
  cam7: 1776416161432670000  diff=+0.065ms
Saved /home/acerobotics/Development/zed8cam/python/checker_results/20260417_170754_00241_1776416161433676000.jpg

── Timestamp 1776416161458862000 ──
sampled=1776416161458862000  real_target(cam0)=1776416161465938000
  cam1: 1776416161466032000  diff=+0.094ms
  cam2: 1776416161466008000  diff=+0.070ms
  cam3: 1776416161466202000  diff=+0.264ms
  cam4: 1776416161465970000  diff=+0.032ms
  cam5: 1776416161466183000  diff=+0.245ms
  cam6: 1776416161466180000  diff=+0.242ms
  cam7: 1776416161465960000  diff=+0.022ms
Saved /home/acerobotics/Development/zed8cam/python/checker_results/20260417_170754_00242_1776416161458862000.jpg

── Timestamp 1776416161483614000 ──
sampled=1776416161483614000  real_target(cam0)=1776416161499278000
  cam1: 1776416161499369000  diff=+0.091ms
  cam2: 1776416161499335000  diff=+0.057ms
  cam3: 1776416161500900000  diff=+1.622ms
  cam4: 1776416161499306000  diff=+0.028ms
  cam5: 1776416161499532000  diff=+0.254ms
  cam6: 1776416161499491000  diff=+0.213ms
  cam7: 1776416161499295000  diff=+0.017ms
Saved /home/acerobotics/Development/zed8cam/python/checker_results/20260417_170754_00243_1776416161483614000.jpg

── Timestamp 1776416161524370000 ──
sampled=1776416161524370000  real_target(cam0)=1776416161532672000
  cam1: 1776416161532681000  diff=+0.009ms
  cam2: 1776416161532733000  diff=+0.061ms
  cam3: 1776416161532794000  diff=+0.122ms
  cam4: 1776416161532972000  diff=+0.300ms
  cam5: 1776416161532703000  diff=+0.031ms
  cam6: 1776416161533121000  diff=+0.449ms
  cam7: 1776416161532620000  diff=-0.052ms
Saved /home/acerobotics/Development/zed8cam/python/checker_results/20260417_170754_00244_1776416161524370000.jpg

── Timestamp 1776416161570027000 ──
sampled=1776416161570027000  real_target(cam0)=1776416161566070000
  cam1: 1776416161566059000  diff=-0.011ms
  cam2: 1776416161565985000  diff=-0.085ms
  cam3: 1776416161565943000  diff=-0.127ms
  cam4: 1776416161565962000  diff=-0.108ms
  cam5: 1776416161566219000  diff=+0.149ms
  cam6: 1776416161566197000  diff=+0.127ms
  cam7: 1776416161565957000  diff=-0.113ms
Saved /home/acerobotics/Development/zed8cam/python/checker_results/20260417_170754_00245_1776416161570027000.jpg

── Timestamp 1776416161599211000 ──
sampled=1776416161599211000  real_target(cam0)=1776416161599483000
  cam1: 1776416161599352000  diff=-0.131ms
  cam2: 1776416161599494000  diff=+0.011ms
  cam3: 1776416161599259000  diff=-0.224ms
  cam4: 1776416161599512000  diff=+0.029ms
  cam5: 1776416161599641000  diff=+0.158ms
  cam6: 1776416161599304000  diff=-0.179ms
  cam7: 1776416161599310000  diff=-0.173ms
Saved /home/acerobotics/Development/zed8cam/python/checker_results/20260417_170754_00246_1776416161599211000.jpg

── Timestamp 1776416161624030000 ──
sampled=1776416161624030000  real_target(cam0)=1776416161632945000
  cam1: 1776416161632706000  diff=-0.239ms
  cam2: 1776416161632683000  diff=-0.262ms
  cam3: 1776416161632693000  diff=-0.252ms
  cam4: 1776416161633502000  diff=+0.557ms
  cam5: 1776416161633125000  diff=+0.180ms
  cam6: 1776416161632656000  diff=-0.289ms
  cam7: 1776416161633288000  diff=+0.343ms
Saved /home/acerobotics/Development/zed8cam/python/checker_results/20260417_170754_00247_1776416161624030000.jpg

── Timestamp 1776416161669140000 ──
sampled=1776416161669140000  real_target(cam0)=1776416161666057000
  cam1: 1776416161666051000  diff=-0.006ms
  cam2: 1776416161666037000  diff=-0.020ms
  cam3: 1776416161666061000  diff=+0.004ms
  cam4: 1776416161666544000  diff=+0.487ms
  cam5: 1776416161666263000  diff=+0.206ms
  cam6: 1776416161666073000  diff=+0.016ms
  cam7: 1776416161666408000  diff=+0.351ms
Saved /home/acerobotics/Development/zed8cam/python/checker_results/20260417_170754_00248_1776416161669140000.jpg

── Timestamp 1776416161694840000 ──
sampled=1776416161694840000  real_target(cam0)=1776416161699360000
  cam1: 1776416161699346000  diff=-0.014ms
  cam2: 1776416161699643000  diff=+0.283ms
  cam3: 1776416161699257000  diff=-0.103ms
  cam4: 1776416161699487000  diff=+0.127ms
  cam5: 1776416161699546000  diff=+0.186ms
  cam6: 1776416161699308000  diff=-0.052ms
  cam7: 1776416161699289000  diff=-0.071ms
Saved /home/acerobotics/Development/zed8cam/python/checker_results/20260417_170754_00249_1776416161694840000.jpg

── Timestamp 1776416161719496000 ──
sampled=1776416161719496000  real_target(cam0)=1776416161733049000
  cam1: 1776416161732691000  diff=-0.358ms
  cam2: 1776416161732838000  diff=-0.211ms
  cam3: 1776416161732593000  diff=-0.456ms
  cam4: 1776416161732887000  diff=-0.162ms
  cam5: 1776416161732800000  diff=-0.249ms
  cam6: 1776416161733059000  diff=+0.010ms
  cam7: 1776416161732640000  diff=-0.409ms
Saved /home/acerobotics/Development/zed8cam/python/checker_results/20260417_170754_00250_1776416161719496000.jpg

── Timestamp 1776416161760228000 ──
sampled=1776416161760228000  real_target(cam0)=1776416161766223000
  cam1: 1776416161766035000  diff=-0.188ms
  cam2: 1776416161766008000  diff=-0.215ms
  cam3: 1776416161765955000  diff=-0.268ms
  cam4: 1776416161766398000  diff=+0.175ms
  cam5: 1776416161766408000  diff=+0.185ms
  cam6: 1776416161766550000  diff=+0.327ms
  cam7: 1776416161766194000  diff=-0.029ms
Saved /home/acerobotics/Development/zed8cam/python/checker_results/20260417_170754_00251_1776416161760228000.jpg

── Timestamp 1776416161799826000 ──
sampled=1776416161799826000  real_target(cam0)=1776416161799390000
  cam1: 1776416161799343000  diff=-0.047ms
  cam2: 1776416161799268000  diff=-0.122ms
  cam3: 1776416161799300000  diff=-0.090ms
  cam4: 1776416161799474000  diff=+0.084ms
  cam5: 1776416161799277000  diff=-0.113ms
  cam6: 1776416161799616000  diff=+0.226ms
  cam7: 1776416161799311000  diff=-0.079ms
Saved /home/acerobotics/Development/zed8cam/python/checker_results/20260417_170754_00252_1776416161799826000.jpg

── Timestamp 1776416161824918000 ──
sampled=1776416161824918000  real_target(cam0)=1776416161832664000
  cam1: 1776416161832676000  diff=+0.012ms
  cam2: 1776416161832656000  diff=-0.008ms
  cam3: 1776416161832642000  diff=-0.022ms
  cam4: 1776416161832697000  diff=+0.033ms
  cam5: 1776416161832840000  diff=+0.176ms
  cam6: 1776416161832866000  diff=+0.202ms
  cam7: 1776416161832631000  diff=-0.033ms
Saved /home/acerobotics/Development/zed8cam/python/checker_results/20260417_170754_00253_1776416161824918000.jpg

── Timestamp 1776416161865300000 ──
sampled=1776416161865300000  real_target(cam0)=1776416161866241000
  cam1: 1776416161866011000  diff=-0.230ms
  cam2: 1776416161866027000  diff=-0.214ms
  cam3: 1776416161865980000  diff=-0.261ms
  cam4: 1776416161865962000  diff=-0.279ms
  cam5: 1776416161866235000  diff=-0.006ms
  cam6: 1776416161866047000  diff=-0.194ms
  cam7: 1776416161866152000  diff=-0.089ms
Saved /home/acerobotics/Development/zed8cam/python/checker_results/20260417_170754_00254_1776416161865300000.jpg

── Timestamp 1776416161900211000 ──
sampled=1776416161900211000  real_target(cam0)=1776416161899347000
  cam1: 1776416161899447000  diff=+0.100ms
  cam2: 1776416161899536000  diff=+0.189ms
  cam3: 1776416161899265000  diff=-0.082ms
  cam4: 1776416161899302000  diff=-0.045ms
  cam5: 1776416161899661000  diff=+0.314ms
  cam6: 1776416161899327000  diff=-0.020ms
  cam7: 1776416161899469000  diff=+0.122ms
Saved /home/acerobotics/Development/zed8cam/python/checker_results/20260417_170754_00255_1776416161900211000.jpg

── Timestamp 1776416161925380000 ──
sampled=1776416161925380000  real_target(cam0)=1776416161932719000
  cam1: 1776416161932645000  diff=-0.074ms
  cam2: 1776416161932607000  diff=-0.112ms
  cam3: 1776416161932627000  diff=-0.092ms
  cam4: 1776416161932940000  diff=+0.221ms
  cam5: 1776416161932595000  diff=-0.124ms
  cam6: 1776416161932927000  diff=+0.208ms
  cam7: 1776416161932848000  diff=+0.129ms
Saved /home/acerobotics/Development/zed8cam/python/checker_results/20260417_170754_00256_1776416161925380000.jpg

── Timestamp 1776416161950480000 ──
sampled=1776416161950480000  real_target(cam0)=1776416161966078000
  cam1: 1776416161966087000  diff=+0.009ms
  cam2: 1776416161966063000  diff=-0.015ms
  cam3: 1776416161966268000  diff=+0.190ms
  cam4: 1776416161966906000  diff=+0.828ms
  cam5: 1776416161966090000  diff=+0.012ms
  cam6: 1776416161966289000  diff=+0.211ms
  cam7: 1776416161966097000  diff=+0.019ms
Saved /home/acerobotics/Development/zed8cam/python/checker_results/20260417_170754_00257_1776416161950480000.jpg

── Timestamp 1776416161975749000 ──
sampled=1776416161975749000  real_target(cam0)=1776416161966078000
  cam1: 1776416161966087000  diff=+0.009ms
  cam2: 1776416161966063000  diff=-0.015ms
  cam3: 1776416161966268000  diff=+0.190ms
  cam4: 1776416161966906000  diff=+0.828ms
  cam5: 1776416161966090000  diff=+0.012ms
  cam6: 1776416161966289000  diff=+0.211ms
  cam7: 1776416161966097000  diff=+0.019ms
Saved /home/acerobotics/Development/zed8cam/python/checker_results/20260417_170754_00258_1776416161975749000.jpg

── Timestamp 1776416162026407000 ──
sampled=1776416162026407000  real_target(cam0)=1776416162033281000
  cam1: 1776416162032680000  diff=-0.601ms
  cam2: 1776416162032682000  diff=-0.599ms
  cam3: 1776416162032592000  diff=-0.689ms
  cam4: 1776416162032914000  diff=-0.367ms
  cam5: 1776416162032660000  diff=-0.621ms
  cam6: 1776416162032995000  diff=-0.286ms
  cam7: 1776416162032777000  diff=-0.504ms
Saved /home/acerobotics/Development/zed8cam/python/checker_results/20260417_170754_00259_1776416162026407000.jpg

── Timestamp 1776416162056273000 ──
sampled=1776416162056273000  real_target(cam0)=1776416162066144000
  cam1: 1776416162066125000  diff=-0.019ms
  cam2: 1776416162066108000  diff=-0.036ms
  cam3: 1776416162066128000  diff=-0.016ms
  cam4: 1776416162066313000  diff=+0.169ms
  cam5: 1776416162066109000  diff=-0.035ms
  cam6: 1776416162066319000  diff=+0.175ms
  cam7: 1776416162066142000  diff=-0.002ms
Saved /home/acerobotics/Development/zed8cam/python/checker_results/20260417_170754_00260_1776416162056273000.jpg

── Timestamp 1776416162101633000 ──
sampled=1776416162101633000  real_target(cam0)=1776416162099389000
  cam1: 1776416162099353000  diff=-0.036ms
  cam2: 1776416162100847000  diff=+1.458ms
  cam3: 1776416162099252000  diff=-0.137ms
  cam4: 1776416162099461000  diff=+0.072ms
  cam5: 1776416162100999000  diff=+1.610ms
  cam6: 1776416162100622000  diff=+1.233ms
  cam7: 1776416162099284000  diff=-0.105ms
Saved /home/acerobotics/Development/zed8cam/python/checker_results/20260417_170754_00261_1776416162101633000.jpg

── Timestamp 1776416162121327000 ──
sampled=1776416162121327000  real_target(cam0)=1776416162132908000
  cam1: 1776416162132965000  diff=+0.057ms
  cam2: 1776416162132923000  diff=+0.015ms
  cam3: 1776416162132938000  diff=+0.030ms
  cam4: 1776416162132968000  diff=+0.060ms
  cam5: 1776416162132929000  diff=+0.021ms
  cam6: 1776416162132955000  diff=+0.047ms
  cam7: 1776416162132944000  diff=+0.036ms
Saved /home/acerobotics/Development/zed8cam/python/checker_results/20260417_170754_00262_1776416162121327000.jpg

── Timestamp 1776416162166765000 ──
sampled=1776416162166765000  real_target(cam0)=1776416162165957000
  cam1: 1776416162165967000  diff=+0.010ms
  cam2: 1776416162165950000  diff=-0.007ms
  cam3: 1776416162165978000  diff=+0.021ms
  cam4: 1776416162166249000  diff=+0.292ms
  cam5: 1776416162165963000  diff=+0.006ms
  cam6: 1776416162165985000  diff=+0.028ms
  cam7: 1776416162166013000  diff=+0.056ms
Saved /home/acerobotics/Development/zed8cam/python/checker_results/20260417_170754_00263_1776416162166765000.jpg

── Timestamp 1776416162207418000 ──
sampled=1776416162207418000  real_target(cam0)=1776416162199319000
  cam1: 1776416162199337000  diff=+0.018ms
  cam2: 1776416162199303000  diff=-0.016ms
  cam3: 1776416162199236000  diff=-0.083ms
  cam4: 1776416162199438000  diff=+0.119ms
  cam5: 1776416162199320000  diff=+0.001ms
  cam6: 1776416162199288000  diff=-0.031ms
  cam7: 1776416162199263000  diff=-0.056ms
Saved /home/acerobotics/Development/zed8cam/python/checker_results/20260417_170754_00264_1776416162207418000.jpg

── Timestamp 1776416162236669000 ──
sampled=1776416162236669000  real_target(cam0)=1776416162232654000
  cam1: 1776416162232667000  diff=+0.013ms
  cam2: 1776416162232640000  diff=-0.014ms
  cam3: 1776416162232573000  diff=-0.081ms
  cam4: 1776416162232780000  diff=+0.126ms
  cam5: 1776416162232657000  diff=+0.003ms
  cam6: 1776416162232626000  diff=-0.028ms
  cam7: 1776416162232604000  diff=-0.050ms
Saved /home/acerobotics/Development/zed8cam/python/checker_results/20260417_170754_00265_1776416162236669000.jpg

── Timestamp 1776416162253549000 ──
sampled=1776416162253549000  real_target(cam0)=1776416162266008000
  cam1: 1776416162265983000  diff=-0.025ms
  cam2: 1776416162265964000  diff=-0.044ms
  cam3: 1776416162266002000  diff=-0.006ms
  cam4: 1776416162266101000  diff=+0.093ms
  cam5: 1776416162266070000  diff=+0.062ms
  cam6: 1776416162265950000  diff=-0.058ms
  cam7: 1776416162265941000  diff=-0.067ms
Saved /home/acerobotics/Development/zed8cam/python/checker_results/20260417_170754_00266_1776416162253549000.jpg

── Timestamp 1776416162307794000 ──
sampled=1776416162307794000  real_target(cam0)=1776416162299343000
  cam1: 1776416162299317000  diff=-0.026ms
  cam2: 1776416162299302000  diff=-0.041ms
  cam3: 1776416162299237000  diff=-0.106ms
  cam4: 1776416162299814000  diff=+0.471ms
  cam5: 1776416162299333000  diff=-0.010ms
  cam6: 1776416162299287000  diff=-0.056ms
  cam7: 1776416162299274000  diff=-0.069ms
Saved /home/acerobotics/Development/zed8cam/python/checker_results/20260417_170754_00267_1776416162307794000.jpg

── Timestamp 1776416162333179000 ──
sampled=1776416162333179000  real_target(cam0)=1776416162332686000
  cam1: 1776416162332645000  diff=-0.041ms
  cam2: 1776416162332633000  diff=-0.053ms
  cam3: 1776416162332557000  diff=-0.129ms
  cam4: 1776416162332845000  diff=+0.159ms
  cam5: 1776416162332673000  diff=-0.013ms
  cam6: 1776416162332617000  diff=-0.069ms
  cam7: 1776416162332609000  diff=-0.077ms
Saved /home/acerobotics/Development/zed8cam/python/checker_results/20260417_170754_00268_1776416162333179000.jpg

── Timestamp 1776416162357723000 ──
sampled=1776416162357723000  real_target(cam0)=1776416162366008000
  cam1: 1776416162365927000  diff=-0.081ms
  cam2: 1776416162365975000  diff=-0.033ms
  cam3: 1776416162365995000  diff=-0.013ms
  cam4: 1776416162366155000  diff=+0.147ms
  cam5: 1776416162366018000  diff=+0.010ms
  cam6: 1776416162365947000  diff=-0.061ms
  cam7: 1776416162365895000  diff=-0.113ms
Saved /home/acerobotics/Development/zed8cam/python/checker_results/20260417_170754_00269_1776416162357723000.jpg

── Timestamp 1776416162387911000 ──
sampled=1776416162387911000  real_target(cam0)=1776416162399271000
  cam1: 1776416162399277000  diff=+0.006ms
  cam2: 1776416162399311000  diff=+0.040ms
  cam3: 1776416162399337000  diff=+0.066ms
  cam4: 1776416162399495000  diff=+0.224ms
  cam5: 1776416162399331000  diff=+0.060ms
  cam6: 1776416162399293000  diff=+0.022ms
  cam7: 1776416162399239000  diff=-0.032ms
Saved /home/acerobotics/Development/zed8cam/python/checker_results/20260417_170754_00270_1776416162387911000.jpg

── Timestamp 1776416162437017000 ──
sampled=1776416162437017000  real_target(cam0)=1776416162432796000
  cam1: 1776416162432841000  diff=+0.045ms
  cam2: 1776416162432776000  diff=-0.020ms
  cam3: 1776416162432789000  diff=-0.007ms
  cam4: 1776416162432845000  diff=+0.049ms
  cam5: 1776416162432954000  diff=+0.158ms
  cam6: 1776416162432825000  diff=+0.029ms
  cam7: 1776416162432812000  diff=+0.016ms
Saved /home/acerobotics/Development/zed8cam/python/checker_results/20260417_170754_00271_1776416162437017000.jpg

── Timestamp 1776416162453341000 ──
sampled=1776416162453341000  real_target(cam0)=1776416162465929000
  cam1: 1776416162465946000  diff=+0.017ms
  cam2: 1776416162466214000  diff=+0.285ms
  cam3: 1776416162466390000  diff=+0.461ms
  cam4: 1776416162466178000  diff=+0.249ms
  cam5: 1776416162466494000  diff=+0.565ms
  cam6: 1776416162465978000  diff=+0.049ms
  cam7: 1776416162465899000  diff=-0.030ms
Saved /home/acerobotics/Development/zed8cam/python/checker_results/20260417_170754_00272_1776416162453341000.jpg

── Timestamp 1776416162487531000 ──
sampled=1776416162487531000  real_target(cam0)=1776416162499474000
  cam1: 1776416162499328000  diff=-0.146ms
  cam2: 1776416162499300000  diff=-0.174ms
  cam3: 1776416162499586000  diff=+0.112ms
  cam4: 1776416162499742000  diff=+0.268ms
  cam5: 1776416162499346000  diff=-0.128ms
  cam6: 1776416162499348000  diff=-0.126ms
  cam7: 1776416162499243000  diff=-0.231ms
Saved /home/acerobotics/Development/zed8cam/python/checker_results/20260417_170754_00273_1776416162487531000.jpg

── Timestamp 1776416162517493000 ──
sampled=1776416162517493000  real_target(cam0)=1776416162533065000
  cam1: 1776416162532596000  diff=-0.469ms
  cam2: 1776416162532681000  diff=-0.384ms
  cam3: 1776416162532796000  diff=-0.269ms
  cam4: 1776416162532841000  diff=-0.224ms
  cam5: 1776416162532793000  diff=-0.272ms
  cam6: 1776416162532667000  diff=-0.398ms
  cam7: 1776416162532554000  diff=-0.511ms
Saved /home/acerobotics/Development/zed8cam/python/checker_results/20260417_170754_00274_1776416162517493000.jpg

── Timestamp 1776416162567261000 ──
sampled=1776416162567261000  real_target(cam0)=1776416162565956000
  cam1: 1776416162566164000  diff=+0.208ms
  cam2: 1776416162565941000  diff=-0.015ms
  cam3: 1776416162566151000  diff=+0.195ms
  cam4: 1776416162566319000  diff=+0.363ms
  cam5: 1776416162566019000  diff=+0.063ms
  cam6: 1776416162565975000  diff=+0.019ms
  cam7: 1776416162565907000  diff=-0.049ms
Saved /home/acerobotics/Development/zed8cam/python/checker_results/20260417_170754_00275_1776416162567261000.jpg

── Timestamp 1776416162592484000 ──
sampled=1776416162592484000  real_target(cam0)=1776416162599306000
  cam1: 1776416162599462000  diff=+0.156ms
  cam2: 1776416162599283000  diff=-0.023ms
  cam3: 1776416162599332000  diff=+0.026ms
  cam4: 1776416162599248000  diff=-0.058ms
  cam5: 1776416162599301000  diff=-0.005ms
  cam6: 1776416162565975000  diff=-33.331ms
  cam7: 1776416162599527000  diff=+0.221ms
Saved /home/acerobotics/Development/zed8cam/python/checker_results/20260417_170754_00276_1776416162592484000.jpg

── Timestamp 1776416162617671000 ──
sampled=1776416162617671000  real_target(cam0)=1776416162632607000
  cam1: 1776416162632676000  diff=+0.069ms
  cam2: 1776416162632601000  diff=-0.006ms
  cam3: 1776416162632633000  diff=+0.026ms
  cam4: 1776416162632575000  diff=-0.032ms
  cam5: 1776416162632634000  diff=+0.027ms
  cam6: 1776416162632644000  diff=+0.037ms
  cam7: 1776416162632831000  diff=+0.224ms
Saved /home/acerobotics/Development/zed8cam/python/checker_results/20260417_170754_00277_1776416162617671000.jpg

── Timestamp 1776416162662122000 ──
sampled=1776416162662122000  real_target(cam0)=1776416162666014000
  cam1: 1776416162666006000  diff=-0.008ms
  cam2: 1776416162666000000  diff=-0.014ms
  cam3: 1776416162666188000  diff=+0.174ms
  cam4: 1776416162665978000  diff=-0.036ms
  cam5: 1776416162666035000  diff=+0.021ms
  cam6: 1776416162665994000  diff=-0.020ms
  cam7: 1776416162665969000  diff=-0.045ms
Saved /home/acerobotics/Development/zed8cam/python/checker_results/20260417_170754_00278_1776416162662122000.jpg

── Timestamp 1776416162697787000 ──
sampled=1776416162697787000  real_target(cam0)=1776416162699291000
  cam1: 1776416162699277000  diff=-0.014ms
  cam2: 1776416162699266000  diff=-0.025ms
  cam3: 1776416162699509000  diff=+0.218ms
  cam4: 1776416162699241000  diff=-0.050ms
  cam5: 1776416162699505000  diff=+0.214ms
  cam6: 1776416162699741000  diff=+0.450ms
  cam7: 1776416162699551000  diff=+0.260ms
Saved /home/acerobotics/Development/zed8cam/python/checker_results/20260417_170754_00279_1776416162697787000.jpg

── Timestamp 1776416162722270000 ──
sampled=1776416162722270000  real_target(cam0)=1776416162732782000
  cam1: 1776416162732790000  diff=+0.008ms
  cam2: 1776416162732778000  diff=-0.004ms
  cam3: 1776416162732809000  diff=+0.027ms
  cam4: 1776416162732959000  diff=+0.177ms
  cam5: 1776416162732799000  diff=+0.017ms
  cam6: 1776416162732754000  diff=-0.028ms
  cam7: 1776416162732772000  diff=-0.010ms
Saved /home/acerobotics/Development/zed8cam/python/checker_results/20260417_170754_00280_1776416162722270000.jpg

── Timestamp 1776416162767310000 ──
sampled=1776416162767310000  real_target(cam0)=1776416162768381000
  cam1: 1776416162766238000  diff=-2.143ms
  cam2: 1776416162765993000  diff=-2.388ms
  cam3: 1776416162766005000  diff=-2.376ms
  cam4: 1776416162765905000  diff=-2.476ms
  cam5: 1776416162768362000  diff=-0.019ms
  cam6: 1776416162766139000  diff=-2.242ms
  cam7: 1776416162765958000  diff=-2.423ms
Saved /home/acerobotics/Development/zed8cam/python/checker_results/20260417_170754_00281_1776416162767310000.jpg

── Timestamp 1776416162787143000 ──
sampled=1776416162787143000  real_target(cam0)=1776416162799277000
  cam1: 1776416162799292000  diff=+0.015ms
  cam2: 1776416162799270000  diff=-0.007ms
  cam3: 1776416162799309000  diff=+0.032ms
  cam4: 1776416162799244000  diff=-0.033ms
  cam5: 1776416162799292000  diff=+0.015ms
  cam6: 1776416162799361000  diff=+0.084ms
  cam7: 1776416162799329000  diff=+0.052ms
Saved /home/acerobotics/Development/zed8cam/python/checker_results/20260417_170754_00282_1776416162787143000.jpg

── Timestamp 1776416162827913000 ──
sampled=1776416162827913000  real_target(cam0)=1776416162832604000
  cam1: 1776416162832833000  diff=+0.229ms
  cam2: 1776416162832618000  diff=+0.014ms
  cam3: 1776416162832628000  diff=+0.024ms
  cam4: 1776416162832566000  diff=-0.038ms
  cam5: 1776416162832641000  diff=+0.037ms
  cam6: 1776416162832965000  diff=+0.361ms
  cam7: 1776416162833239000  diff=+0.635ms
Saved /home/acerobotics/Development/zed8cam/python/checker_results/20260417_170754_00283_1776416162827913000.jpg

── Timestamp 1776416162872229000 ──
sampled=1776416162872229000  real_target(cam0)=1776416162865945000
  cam1: 1776416162866143000  diff=+0.198ms
  cam2: 1776416162865940000  diff=-0.005ms
  cam3: 1776416162865963000  diff=+0.018ms
  cam4: 1776416162865892000  diff=-0.053ms
  cam5: 1776416162865956000  diff=+0.011ms
  cam6: 1776416162866278000  diff=+0.333ms
  cam7: 1776416162865969000  diff=+0.024ms
Saved /home/acerobotics/Development/zed8cam/python/checker_results/20260417_170754_00284_1776416162872229000.jpg

── Timestamp 1776416162892948000 ──
sampled=1776416162892948000  real_target(cam0)=1776416162899276000
  cam1: 1776416162899290000  diff=+0.014ms
  cam2: 1776416162899270000  diff=-0.006ms
  cam3: 1776416162899308000  diff=+0.032ms
  cam4: 1776416162899245000  diff=-0.031ms
  cam5: 1776416162899289000  diff=+0.013ms
  cam6: 1776416162899314000  diff=+0.038ms
  cam7: 1776416162899316000  diff=+0.040ms
Saved /home/acerobotics/Development/zed8cam/python/checker_results/20260417_170754_00285_1776416162892948000.jpg

── Timestamp 1776416162938122000 ──
sampled=1776416162938122000  real_target(cam0)=1776416162932721000
  cam1: 1776416162932708000  diff=-0.013ms
  cam2: 1776416162932701000  diff=-0.020ms
  cam3: 1776416162932738000  diff=+0.017ms
  cam4: 1776416162932740000  diff=+0.019ms
  cam5: 1776416162932901000  diff=+0.180ms
  cam6: 1776416162933174000  diff=+0.453ms
  cam7: 1776416162933045000  diff=+0.324ms
Saved /home/acerobotics/Development/zed8cam/python/checker_results/20260417_170754_00286_1776416162938122000.jpg

── Timestamp 1776416162962768000 ──
sampled=1776416162962768000  real_target(cam0)=1776416162965960000
  cam1: 1776416162965958000  diff=-0.002ms
  cam2: 1776416162965934000  diff=-0.026ms
  cam3: 1776416162965983000  diff=+0.023ms
  cam4: 1776416162965893000  diff=-0.067ms
  cam5: 1776416162965948000  diff=-0.012ms
  cam6: 1776416162967225000  diff=+1.265ms
  cam7: 1776416162966950000  diff=+0.990ms
Saved /home/acerobotics/Development/zed8cam/python/checker_results/20260417_170754_00287_1776416162962768000.jpg

── Timestamp 1776416162987919000 ──
sampled=1776416162987919000  real_target(cam0)=1776416162999288000
  cam1: 1776416162999603000  diff=+0.315ms
  cam2: 1776416162999254000  diff=-0.034ms
  cam3: 1776416162999270000  diff=-0.018ms
  cam4: 1776416162999229000  diff=-0.059ms
  cam5: 1776416162999449000  diff=+0.161ms
  cam6: 1776416162999705000  diff=+0.417ms
  cam7: 1776416162999688000  diff=+0.400ms
Saved /home/acerobotics/Development/zed8cam/python/checker_results/20260417_170754_00288_1776416162987919000.jpg

── Timestamp 1776416163038520000 ──
sampled=1776416163038520000  real_target(cam0)=1776416163032594000
  cam1: 1776416163032786000  diff=+0.192ms
  cam2: 1776416163032592000  diff=-0.002ms
  cam3: 1776416163032790000  diff=+0.196ms
  cam4: 1776416163032562000  diff=-0.032ms
  cam5: 1776416163032961000  diff=+0.367ms
  cam6: 1776416163032778000  diff=+0.184ms
  cam7: 1776416163032621000  diff=+0.027ms
Saved /home/acerobotics/Development/zed8cam/python/checker_results/20260417_170754_00289_1776416163038520000.jpg

── Timestamp 1776416163038520000 ──
sampled=1776416163038520000  real_target(cam0)=1776416163032594000
  cam1: 1776416163032786000  diff=+0.192ms
  cam2: 1776416163032592000  diff=-0.002ms
  cam3: 1776416163032790000  diff=+0.196ms
  cam4: 1776416163032562000  diff=-0.032ms
  cam5: 1776416163032961000  diff=+0.367ms
  cam6: 1776416163032778000  diff=+0.184ms
  cam7: 1776416163032621000  diff=+0.027ms
Saved /home/acerobotics/Development/zed8cam/python/checker_results/20260417_170754_00290_1776416163038520000.jpg

── Timestamp 1776416163093790000 ──
sampled=1776416163093790000  real_target(cam0)=1776416163100495000
  cam1: 1776416163099798000  diff=-0.697ms
  cam2: 1776416163099970000  diff=-0.525ms
  cam3: 1776416163099467000  diff=-1.028ms
  cam4: 1776416163099226000  diff=-1.269ms
  cam5: 1776416163099600000  diff=-0.895ms
  cam6: 1776416163100683000  diff=+0.188ms
  cam7: 1776416163100155000  diff=-0.340ms
Saved /home/acerobotics/Development/zed8cam/python/checker_results/20260417_170754_00291_1776416163093790000.jpg

── Timestamp 1776416163118738000 ──
sampled=1776416163118738000  real_target(cam0)=1776416163132675000
  cam1: 1776416163135080000  diff=+2.405ms
  cam2: 1776416163132877000  diff=+0.202ms
  cam3: 1776416163132685000  diff=+0.010ms
  cam4: 1776416163133112000  diff=+0.437ms
  cam5: 1776416163134843000  diff=+2.168ms
  cam6: 1776416163132866000  diff=+0.191ms
  cam7: 1776416163133065000  diff=+0.390ms
Saved /home/acerobotics/Development/zed8cam/python/checker_results/20260417_170754_00292_1776416163118738000.jpg

── Timestamp 1776416163168166000 ──
sampled=1776416163168166000  real_target(cam0)=1776416163165940000
  cam1: 1776416163166236000  diff=+0.296ms
  cam2: 1776416163165931000  diff=-0.009ms
  cam3: 1776416163166638000  diff=+0.698ms
  cam4: 1776416163165917000  diff=-0.023ms
  cam5: 1776416163166059000  diff=+0.119ms
  cam6: 1776416163165918000  diff=-0.022ms
  cam7: 1776416163166063000  diff=+0.123ms
Saved /home/acerobotics/Development/zed8cam/python/checker_results/20260417_170754_00293_1776416163168166000.jpg

── Timestamp 1776416163188890000 ──
sampled=1776416163188890000  real_target(cam0)=1776416163199311000
  cam1: 1776416163200268000  diff=+0.957ms
  cam2: 1776416163200854000  diff=+1.543ms
  cam3: 1776416163199460000  diff=+0.149ms
  cam4: 1776416163199240000  diff=-0.071ms
  cam5: 1776416163200588000  diff=+1.277ms
  cam6: 1776416163201034000  diff=+1.723ms
  cam7: 1776416163199295000  diff=-0.016ms
Saved /home/acerobotics/Development/zed8cam/python/checker_results/20260417_170754_00294_1776416163188890000.jpg

── Timestamp 1776416163228693000 ──
sampled=1776416163228693000  real_target(cam0)=1776416163232912000
  cam1: 1776416163233075000  diff=+0.163ms
  cam2: 1776416163232729000  diff=-0.183ms
  cam3: 1776416163233055000  diff=+0.143ms
  cam4: 1776416163232750000  diff=-0.162ms
  cam5: 1776416163232940000  diff=+0.028ms
  cam6: 1776416163232918000  diff=+0.006ms
  cam7: 1776416163232714000  diff=-0.198ms
Saved /home/acerobotics/Development/zed8cam/python/checker_results/20260417_170754_00295_1776416163228693000.jpg

── Timestamp 1776416163253111000 ──
sampled=1776416163253111000  real_target(cam0)=1776416163265970000
  cam1: 1776416163266742000  diff=+0.772ms
  cam2: 1776416163266452000  diff=+0.482ms
  cam3: 1776416163265947000  diff=-0.023ms
  cam4: 1776416163265890000  diff=-0.080ms
  cam5: 1776416163266655000  diff=+0.685ms
  cam6: 1776416163266153000  diff=+0.183ms
  cam7: 1776416163266150000  diff=+0.180ms
Saved /home/acerobotics/Development/zed8cam/python/checker_results/20260417_170754_00296_1776416163253111000.jpg

── Timestamp 1776416163293149000 ──
sampled=1776416163293149000  real_target(cam0)=1776416163299472000
  cam1: 1776416163299561000  diff=+0.089ms
  cam2: 1776416163299270000  diff=-0.202ms
  cam3: 1776416163299609000  diff=+0.137ms
  cam4: 1776416163299228000  diff=-0.244ms
  cam5: 1776416163299379000  diff=-0.093ms
  cam6: 1776416163299755000  diff=+0.283ms
  cam7: 1776416163299386000  diff=-0.086ms
Saved /home/acerobotics/Development/zed8cam/python/checker_results/20260417_170754_00297_1776416163293149000.jpg

── Timestamp 1776416163318100000 ──
sampled=1776416163318100000  real_target(cam0)=1776416163332842000
  cam1: 1776416163333244000  diff=+0.402ms
  cam2: 1776416163332818000  diff=-0.024ms
  cam3: 1776416163332881000  diff=+0.039ms
  cam4: 1776416163332570000  diff=-0.272ms
  cam5: 1776416163332634000  diff=-0.208ms
  cam6: 1776416163332570000  diff=-0.272ms
  cam7: 1776416163332857000  diff=+0.015ms
Saved /home/acerobotics/Development/zed8cam/python/checker_results/20260417_170754_00298_1776416163318100000.jpg

── Timestamp 1776416163369101000 ──
sampled=1776416163369101000  real_target(cam0)=1776416163366330000
  cam1: 1776416163366371000  diff=+0.041ms
  cam2: 1776416163366316000  diff=-0.014ms
  cam3: 1776416163366442000  diff=+0.112ms
  cam4: 1776416163366096000  diff=-0.234ms
  cam5: 1776416163366189000  diff=-0.141ms
  cam6: 1776416163366119000  diff=-0.211ms
  cam7: 1776416163366090000  diff=-0.240ms
Saved /home/acerobotics/Development/zed8cam/python/checker_results/20260417_170754_00299_1776416163369101000.jpg

── Timestamp 1776416163394618000 ──
sampled=1776416163394618000  real_target(cam0)=1776416163399265000
  cam1: 1776416163399438000  diff=+0.173ms
  cam2: 1776416163399248000  diff=-0.017ms
  cam3: 1776416163399284000  diff=+0.019ms
  cam4: 1776416163399233000  diff=-0.032ms
  cam5: 1776416163399461000  diff=+0.196ms
  cam6: 1776416163399277000  diff=+0.012ms
  cam7: 1776416163399299000  diff=+0.034ms
Saved /home/acerobotics/Development/zed8cam/python/checker_results/20260417_170754_00300_1776416163394618000.jpg

── Timestamp 1776416163419825000 ──
sampled=1776416163419825000  real_target(cam0)=1776416163432645000
  cam1: 1776416163432987000  diff=+0.342ms
  cam2: 1776416163432630000  diff=-0.015ms
  cam3: 1776416163433114000  diff=+0.469ms
  cam4: 1776416163432609000  diff=-0.036ms
  cam5: 1776416163432848000  diff=+0.203ms
  cam6: 1776416163432615000  diff=-0.030ms
  cam7: 1776416163432610000  diff=-0.035ms
Saved /home/acerobotics/Development/zed8cam/python/checker_results/20260417_170754_00301_1776416163419825000.jpg

── Timestamp 1776416163454831000 ──
sampled=1776416163454831000  real_target(cam0)=1776416163466164000
  cam1: 1776416163466440000  diff=+0.276ms
  cam2: 1776416163466418000  diff=+0.254ms
  cam3: 1776416163466597000  diff=+0.433ms
  cam4: 1776416163466179000  diff=+0.015ms
  cam5: 1776416163466421000  diff=+0.257ms
  cam6: 1776416163466197000  diff=+0.033ms
  cam7: 1776416163466171000  diff=+0.007ms
Saved /home/acerobotics/Development/zed8cam/python/checker_results/20260417_170754_00302_1776416163454831000.jpg

── Timestamp 1776416163495035000 ──
sampled=1776416163495035000  real_target(cam0)=1776416163500215000
  cam1: 1776416163500436000  diff=+0.221ms
  cam2: 1776416163500393000  diff=+0.178ms
  cam3: 1776416163500592000  diff=+0.377ms
  cam4: 1776416163501283000  diff=+1.068ms
  cam5: 1776416163499513000  diff=-0.702ms
  cam6: 1776416163500618000  diff=+0.403ms
  cam7: 1776416163500593000  diff=+0.378ms
Saved /home/acerobotics/Development/zed8cam/python/checker_results/20260417_170754_00303_1776416163495035000.jpg

── Timestamp 1776416163515213000 ──
sampled=1776416163515213000  real_target(cam0)=1776416163500215000
  cam1: 1776416163500436000  diff=+0.221ms
  cam2: 1776416163500393000  diff=+0.178ms
  cam3: 1776416163500592000  diff=+0.377ms
  cam4: 1776416163501283000  diff=+1.068ms
  cam5: 1776416163499513000  diff=-0.702ms
  cam6: 1776416163500618000  diff=+0.403ms
  cam7: 1776416163500593000  diff=+0.378ms
Saved /home/acerobotics/Development/zed8cam/python/checker_results/20260417_170754_00304_1776416163515213000.jpg

── Timestamp 1776416163560511000 ──
sampled=1776416163560511000  real_target(cam0)=1776416163566289000
  cam1: 1776416163566583000  diff=+0.294ms
  cam2: 1776416163565906000  diff=-0.383ms
  cam3: 1776416163566706000  diff=+0.417ms
  cam4: 1776416163566889000  diff=+0.600ms
  cam5: 1776416163566452000  diff=+0.163ms
  cam6: 1776416163565876000  diff=-0.413ms
  cam7: 1776416163566842000  diff=+0.553ms
Saved /home/acerobotics/Development/zed8cam/python/checker_results/20260417_170754_00305_1776416163560511000.jpg

── Timestamp 1776416163585377000 ──
sampled=1776416163585377000  real_target(cam0)=1776416163600548000
  cam1: 1776416163599261000  diff=-1.287ms
  cam2: 1776416163599249000  diff=-1.299ms
  cam3: 1776416163599275000  diff=-1.273ms
  cam4: 1776416163600380000  diff=-0.168ms
  cam5: 1776416163599787000  diff=-0.761ms
  cam6: 1776416163599285000  diff=-1.263ms
  cam7: 1776416163599223000  diff=-1.325ms
Saved /home/acerobotics/Development/zed8cam/python/checker_results/20260417_170754_00306_1776416163585377000.jpg

── Timestamp 1776416163635541000 ──
sampled=1776416163635541000  real_target(cam0)=1776416163632590000
  cam1: 1776416163632921000  diff=+0.331ms
  cam2: 1776416163632586000  diff=-0.004ms
  cam3: 1776416163633008000  diff=+0.418ms
  cam4: 1776416163633078000  diff=+0.488ms
  cam5: 1776416163632774000  diff=+0.184ms
  cam6: 1776416163632626000  diff=+0.036ms
  cam7: 1776416163632552000  diff=-0.038ms
Saved /home/acerobotics/Development/zed8cam/python/checker_results/20260417_170754_00307_1776416163635541000.jpg

── Timestamp 1776416163660118000 ──
sampled=1776416163660118000  real_target(cam0)=1776416163665941000
  cam1: 1776416163665964000  diff=+0.023ms
  cam2: 1776416163665929000  diff=-0.012ms
  cam3: 1776416163666165000  diff=+0.224ms
  cam4: 1776416163666168000  diff=+0.227ms
  cam5: 1776416163665974000  diff=+0.033ms
  cam6: 1776416163666338000  diff=+0.397ms
  cam7: 1776416163665914000  diff=-0.027ms
Saved /home/acerobotics/Development/zed8cam/python/checker_results/20260417_170754_00308_1776416163660118000.jpg

── Timestamp 1776416163685313000 ──
sampled=1776416163685313000  real_target(cam0)=1776416163699273000
  cam1: 1776416163699604000  diff=+0.331ms
  cam2: 1776416163699316000  diff=+0.043ms
  cam3: 1776416163699541000  diff=+0.268ms
  cam4: 1776416163699584000  diff=+0.311ms
  cam5: 1776416163699265000  diff=-0.008ms
  cam6: 1776416163699735000  diff=+0.462ms
  cam7: 1776416163699226000  diff=-0.047ms
Saved /home/acerobotics/Development/zed8cam/python/checker_results/20260417_170754_00309_1776416163685313000.jpg

── Timestamp 1776416163734807000 ──
sampled=1776416163734807000  real_target(cam0)=1776416163732600000
  cam1: 1776416163732608000  diff=+0.008ms
  cam2: 1776416163733545000  diff=+0.945ms
  cam3: 1776416163732663000  diff=+0.063ms
  cam4: 1776416163733318000  diff=+0.718ms
  cam5: 1776416163732620000  diff=+0.020ms
  cam6: 1776416163732638000  diff=+0.038ms
  cam7: 1776416163732554000  diff=-0.046ms
Saved /home/acerobotics/Development/zed8cam/python/checker_results/20260417_170754_00310_1776416163734807000.jpg

── Timestamp 1776416163775195000 ──
sampled=1776416163775195000  real_target(cam0)=1776416163766337000
  cam1: 1776416163767396000  diff=+1.059ms
  cam2: 1776416163766012000  diff=-0.325ms
  cam3: 1776416163765989000  diff=-0.348ms
  cam4: 1776416163767428000  diff=+1.091ms
  cam5: 1776416163765924000  diff=-0.413ms
  cam6: 1776416163766144000  diff=-0.193ms
  cam7: 1776416163765892000  diff=-0.445ms
Saved /home/acerobotics/Development/zed8cam/python/checker_results/20260417_170754_00311_1776416163775195000.jpg

── Timestamp 1776416163795023000 ──
sampled=1776416163795023000  real_target(cam0)=1776416163799506000
  cam1: 1776416163799575000  diff=+0.069ms
  cam2: 1776416163799377000  diff=-0.129ms
  cam3: 1776416163799734000  diff=+0.228ms
  cam4: 1776416163799716000  diff=+0.210ms
  cam5: 1776416163799325000  diff=-0.181ms
  cam6: 1776416163799305000  diff=-0.201ms
  cam7: 1776416163799289000  diff=-0.217ms
Saved /home/acerobotics/Development/zed8cam/python/checker_results/20260417_170754_00312_1776416163795023000.jpg

── Timestamp 1776416163809683000 ──
sampled=1776416163809683000  real_target(cam0)=1776416163799506000
  cam1: 1776416163799575000  diff=+0.069ms
  cam2: 1776416163799377000  diff=-0.129ms
  cam3: 1776416163799734000  diff=+0.228ms
  cam4: 1776416163799716000  diff=+0.210ms
  cam5: 1776416163799325000  diff=-0.181ms
  cam6: 1776416163799305000  diff=-0.201ms
  cam7: 1776416163799289000  diff=-0.217ms
Saved /home/acerobotics/Development/zed8cam/python/checker_results/20260417_170754_00313_1776416163809683000.jpg

── Timestamp 1776416163870829000 ──
sampled=1776416163870829000  real_target(cam0)=1776416163866143000
  cam1: 1776416163866175000  diff=+0.032ms
  cam2: 1776416163866162000  diff=+0.019ms
  cam3: 1776416163866339000  diff=+0.196ms
  cam4: 1776416163866489000  diff=+0.346ms
  cam5: 1776416163866176000  diff=+0.033ms
  cam6: 1776416163866342000  diff=+0.199ms
  cam7: 1776416163866346000  diff=+0.203ms
Saved /home/acerobotics/Development/zed8cam/python/checker_results/20260417_170754_00314_1776416163870829000.jpg

── Timestamp 1776416163907794000 ──
sampled=1776416163907794000  real_target(cam0)=1776416163899233000
  cam1: 1776416163899418000  diff=+0.185ms
  cam2: 1776416163899241000  diff=+0.008ms
  cam3: 1776416163899441000  diff=+0.208ms
  cam4: 1776416163899545000  diff=+0.312ms
  cam5: 1776416163899269000  diff=+0.036ms
  cam6: 1776416163899439000  diff=+0.206ms
  cam7: 1776416163899200000  diff=-0.033ms
Saved /home/acerobotics/Development/zed8cam/python/checker_results/20260417_170754_00315_1776416163907794000.jpg

── Timestamp 1776416163932336000 ──
sampled=1776416163932336000  real_target(cam0)=1776416163932567000
  cam1: 1776416163933294000  diff=+0.727ms
  cam2: 1776416163933014000  diff=+0.447ms
  cam3: 1776416163932587000  diff=+0.020ms
  cam4: 1776416163932615000  diff=+0.048ms
  cam5: 1776416163932601000  diff=+0.034ms
  cam6: 1776416163932785000  diff=+0.218ms
  cam7: 1776416163932551000  diff=-0.016ms
Saved /home/acerobotics/Development/zed8cam/python/checker_results/20260417_170754_00316_1776416163932336000.jpg

── Timestamp 1776416163957525000 ──
sampled=1776416163957525000  real_target(cam0)=1776416163965889000
  cam1: 1776416163966127000  diff=+0.238ms
  cam2: 1776416163966141000  diff=+0.252ms
  cam3: 1776416163966082000  diff=+0.193ms
  cam4: 1776416163965943000  diff=+0.054ms
  cam5: 1776416163965902000  diff=+0.013ms
  cam6: 1776416163965950000  diff=+0.061ms
  cam7: 1776416163965865000  diff=-0.024ms
Saved /home/acerobotics/Development/zed8cam/python/checker_results/20260417_170754_00317_1776416163957525000.jpg

── Timestamp 1776416164001969000 ──
sampled=1776416164001969000  real_target(cam0)=1776416163999281000
  cam1: 1776416163999294000  diff=+0.013ms
  cam2: 1776416163999273000  diff=-0.008ms
  cam3: 1776416163999531000  diff=+0.250ms
  cam4: 1776416163999683000  diff=+0.402ms
  cam5: 1776416163999284000  diff=+0.003ms
  cam6: 1776416163999310000  diff=+0.029ms
  cam7: 1776416163999540000  diff=+0.259ms
Saved /home/acerobotics/Development/zed8cam/python/checker_results/20260417_170754_00318_1776416164001969000.jpg

── Timestamp 1776416164026704000 ──
sampled=1776416164026704000  real_target(cam0)=1776416164032864000
  cam1: 1776416164032889000  diff=+0.025ms
  cam2: 1776416164032658000  diff=-0.206ms
  cam3: 1776416164032680000  diff=-0.184ms
  cam4: 1776416164033054000  diff=+0.190ms
  cam5: 1776416164032672000  diff=-0.192ms
  cam6: 1776416164032898000  diff=+0.034ms
  cam7: 1776416164033041000  diff=+0.177ms
Saved /home/acerobotics/Development/zed8cam/python/checker_results/20260417_170754_00319_1776416164026704000.jpg

── Timestamp 1776416164051803000 ──
sampled=1776416164051803000  real_target(cam0)=1776416164066132000
  cam1: 1776416164066122000  diff=-0.010ms
  cam2: 1776416164065911000  diff=-0.221ms
  cam3: 1776416164065871000  diff=-0.261ms
  cam4: 1776416164066308000  diff=+0.176ms
  cam5: 1776416164065913000  diff=-0.219ms
  cam6: 1776416164065945000  diff=-0.187ms
  cam7: 1776416164065962000  diff=-0.170ms
Saved /home/acerobotics/Development/zed8cam/python/checker_results/20260417_170754_00320_1776416164051803000.jpg

── Timestamp 1776416164081475000 ──
sampled=1776416164081475000  real_target(cam0)=1776416164066132000
  cam1: 1776416164066122000  diff=-0.010ms
  cam2: 1776416164065911000  diff=-0.221ms
  cam3: 1776416164065871000  diff=-0.261ms
  cam4: 1776416164066308000  diff=+0.176ms
  cam5: 1776416164065913000  diff=-0.219ms
  cam6: 1776416164065945000  diff=-0.187ms
  cam7: 1776416164065962000  diff=-0.170ms
Saved /home/acerobotics/Development/zed8cam/python/checker_results/20260417_170754_00321_1776416164081475000.jpg

── Timestamp 1776416164106216000 ──
sampled=1776416164106216000  real_target(cam0)=1776416164100423000
  cam1: 1776416164102147000  diff=+1.724ms
  cam2: 1776416164100906000  diff=+0.483ms
  cam3: 1776416164101901000  diff=+1.478ms
  cam4: 1776416164100773000  diff=+0.350ms
  cam5: 1776416164100632000  diff=+0.209ms
  cam6: 1776416164099287000  diff=-1.136ms
  cam7: 1776416164099267000  diff=-1.156ms
Saved /home/acerobotics/Development/zed8cam/python/checker_results/20260417_170754_00322_1776416164106216000.jpg

── Timestamp 1776416164156813000 ──
sampled=1776416164156813000  real_target(cam0)=1776416164165908000
  cam1: 1776416164166132000  diff=+0.224ms
  cam2: 1776416164166332000  diff=+0.424ms
  cam3: 1776416164165865000  diff=-0.043ms
  cam4: 1776416164166322000  diff=+0.414ms
  cam5: 1776416164166138000  diff=+0.230ms
  cam6: 1776416164165949000  diff=+0.041ms
  cam7: 1776416164165942000  diff=+0.034ms
Saved /home/acerobotics/Development/zed8cam/python/checker_results/20260417_170754_00323_1776416164156813000.jpg

── Timestamp 1776416164181674000 ──
sampled=1776416164181674000  real_target(cam0)=1776416164165908000
  cam1: 1776416164166132000  diff=+0.224ms
  cam2: 1776416164166332000  diff=+0.424ms
  cam3: 1776416164165865000  diff=-0.043ms
  cam4: 1776416164166322000  diff=+0.414ms
  cam5: 1776416164166138000  diff=+0.230ms
  cam6: 1776416164165949000  diff=+0.041ms
  cam7: 1776416164165942000  diff=+0.034ms
Saved /home/acerobotics/Development/zed8cam/python/checker_results/20260417_170754_00324_1776416164181674000.jpg

── Timestamp 1776416164231142000 ──
sampled=1776416164231142000  real_target(cam0)=1776416164232547000
  cam1: 1776416164232855000  diff=+0.308ms
  cam2: 1776416164232633000  diff=+0.086ms
  cam3: 1776416164232861000  diff=+0.314ms
  cam4: 1776416164232608000  diff=+0.061ms
  cam5: 1776416164232640000  diff=+0.093ms
  cam6: 1776416164232599000  diff=+0.052ms
  cam7: 1776416164232586000  diff=+0.039ms
Saved /home/acerobotics/Development/zed8cam/python/checker_results/20260417_170754_00325_1776416164231142000.jpg

── Timestamp 1776416164280663000 ──
sampled=1776416164280663000  real_target(cam0)=1776416164265980000
  cam1: 1776416164265990000  diff=+0.010ms
  cam2: 1776416164266307000  diff=+0.327ms
  cam3: 1776416164265991000  diff=+0.011ms
  cam4: 1776416164265935000  diff=-0.045ms
  cam5: 1776416164266557000  diff=+0.577ms
  cam6: 1776416164265951000  diff=-0.029ms
  cam7: 1776416164265969000  diff=-0.011ms
Saved /home/acerobotics/Development/zed8cam/python/checker_results/20260417_170754_00326_1776416164280663000.jpg

── Timestamp 1776416164300962000 ──
sampled=1776416164300962000  real_target(cam0)=1776416164299215000
  cam1: 1776416164300205000  diff=+0.990ms
  cam2: 1776416164299994000  diff=+0.779ms
  cam3: 1776416164300349000  diff=+1.134ms
  cam4: 1776416164299294000  diff=+0.079ms
  cam5: 1776416164300014000  diff=+0.799ms
  cam6: 1776416164299267000  diff=+0.052ms
  cam7: 1776416164299252000  diff=+0.037ms
Saved /home/acerobotics/Development/zed8cam/python/checker_results/20260417_170754_00327_1776416164300962000.jpg

── Timestamp 1776416164326101000 ──
sampled=1776416164326101000  real_target(cam0)=1776416164332579000
  cam1: 1776416164332648000  diff=+0.069ms
  cam2: 1776416164332992000  diff=+0.413ms
  cam3: 1776416164332861000  diff=+0.282ms
  cam4: 1776416164332820000  diff=+0.241ms
  cam5: 1776416164332656000  diff=+0.077ms
  cam6: 1776416164332806000  diff=+0.227ms
  cam7: 1776416164332593000  diff=+0.014ms
Saved /home/acerobotics/Development/zed8cam/python/checker_results/20260417_170754_00328_1776416164326101000.jpg

── Timestamp 1776416164352636000 ──
sampled=1776416164352636000  real_target(cam0)=1776416164365881000
  cam1: 1776416164365935000  diff=+0.054ms
  cam2: 1776416164366105000  diff=+0.224ms
  cam3: 1776416164366129000  diff=+0.248ms
  cam4: 1776416164365913000  diff=+0.032ms
  cam5: 1776416164366109000  diff=+0.228ms
  cam6: 1776416164366043000  diff=+0.162ms
  cam7: 1776416164365895000  diff=+0.014ms
Saved /home/acerobotics/Development/zed8cam/python/checker_results/20260417_170754_00329_1776416164352636000.jpg

── Timestamp 1776416164401471000 ──
sampled=1776416164401471000  real_target(cam0)=1776416164399199000
  cam1: 1776416164399431000  diff=+0.232ms
  cam2: 1776416164399280000  diff=+0.081ms
  cam3: 1776416164399508000  diff=+0.309ms
  cam4: 1776416164399249000  diff=+0.050ms
  cam5: 1776416164399362000  diff=+0.163ms
  cam6: 1776416164399262000  diff=+0.063ms
  cam7: 1776416164399277000  diff=+0.078ms
Saved /home/acerobotics/Development/zed8cam/python/checker_results/20260417_170754_00330_1776416164401471000.jpg

── Timestamp 1776416164421129000 ──
sampled=1776416164421129000  real_target(cam0)=1776416164432534000
  cam1: 1776416164432637000  diff=+0.103ms
  cam2: 1776416164432610000  diff=+0.076ms
  cam3: 1776416164432789000  diff=+0.255ms
  cam4: 1776416164432906000  diff=+0.372ms
  cam5: 1776416164432613000  diff=+0.079ms
  cam6: 1776416164432575000  diff=+0.041ms
  cam7: 1776416164432600000  diff=+0.066ms
Saved /home/acerobotics/Development/zed8cam/python/checker_results/20260417_170754_00331_1776416164421129000.jpg

── Timestamp 1776416164461319000 ──
sampled=1776416164461319000  real_target(cam0)=1776416164466010000
  cam1: 1776416164466021000  diff=+0.011ms
  cam2: 1776416164466000000  diff=-0.010ms
  cam3: 1776416164466252000  diff=+0.242ms
  cam4: 1776416164466435000  diff=+0.425ms
  cam5: 1776416164466041000  diff=+0.031ms
  cam6: 1776416164466258000  diff=+0.248ms
  cam7: 1776416164466041000  diff=+0.031ms
Saved /home/acerobotics/Development/zed8cam/python/checker_results/20260417_170754_00332_1776416164461319000.jpg

── Timestamp 1776416164491589000 ──
sampled=1776416164491589000  real_target(cam0)=1776416164499962000
  cam1: 1776416164499357000  diff=-0.605ms
  cam2: 1776416164499290000  diff=-0.672ms
  cam3: 1776416164499594000  diff=-0.368ms
  cam4: 1776416164499241000  diff=-0.721ms
  cam5: 1776416164500180000  diff=+0.218ms
  cam6: 1776416164499295000  diff=-0.667ms
  cam7: 1776416164499271000  diff=-0.691ms
Saved /home/acerobotics/Development/zed8cam/python/checker_results/20260417_170754_00333_1776416164491589000.jpg

── Timestamp 1776416164526374000 ──
sampled=1776416164526374000  real_target(cam0)=1776416164533029000
  cam1: 1776416164532995000  diff=-0.034ms
  cam2: 1776416164533542000  diff=+0.513ms
  cam3: 1776416164532846000  diff=-0.183ms
  cam4: 1776416164533336000  diff=+0.307ms
  cam5: 1776416164532757000  diff=-0.272ms
  cam6: 1776416164532605000  diff=-0.424ms
  cam7: 1776416164532576000  diff=-0.453ms
Saved /home/acerobotics/Development/zed8cam/python/checker_results/20260417_170754_00334_1776416164526374000.jpg

── Timestamp 1776416164571784000 ──
sampled=1776416164571784000  real_target(cam0)=1776416164565955000
  cam1: 1776416164566007000  diff=+0.052ms
  cam2: 1776416164565954000  diff=-0.001ms
  cam3: 1776416164566196000  diff=+0.241ms
  cam4: 1776416164566201000  diff=+0.246ms
  cam5: 1776416164565974000  diff=+0.019ms
  cam6: 1776416164566367000  diff=+0.412ms
  cam7: 1776416164566017000  diff=+0.062ms
Saved /home/acerobotics/Development/zed8cam/python/checker_results/20260417_170754_00335_1776416164571784000.jpg

── Timestamp 1776416164596719000 ──
sampled=1776416164596719000  real_target(cam0)=1776416164599249000
  cam1: 1776416164599280000  diff=+0.031ms
  cam2: 1776416164599254000  diff=+0.005ms
  cam3: 1776416164599276000  diff=+0.027ms
  cam4: 1776416164599287000  diff=+0.038ms
  cam5: 1776416164599259000  diff=+0.010ms
  cam6: 1776416164599492000  diff=+0.243ms
  cam7: 1776416164599298000  diff=+0.049ms
Saved /home/acerobotics/Development/zed8cam/python/checker_results/20260417_170754_00336_1776416164596719000.jpg

── Timestamp 1776416164617007000 ──
sampled=1776416164617007000  real_target(cam0)=1776416164632534000
  cam1: 1776416164632641000  diff=+0.107ms
  cam2: 1776416164632628000  diff=+0.094ms
  cam3: 1776416164632621000  diff=+0.087ms
  cam4: 1776416164632588000  diff=+0.054ms
  cam5: 1776416164632729000  diff=+0.195ms
  cam6: 1776416164632611000  diff=+0.077ms
  cam7: 1776416164632585000  diff=+0.051ms
Saved /home/acerobotics/Development/zed8cam/python/checker_results/20260417_170754_00337_1776416164617007000.jpg

── Timestamp 1776416164666570000 ──
sampled=1776416164666570000  real_target(cam0)=1776416164666074000
  cam1: 1776416164666271000  diff=+0.197ms
  cam2: 1776416164666082000  diff=+0.008ms
  cam3: 1776416164666089000  diff=+0.015ms
  cam4: 1776416164666102000  diff=+0.028ms
  cam5: 1776416164666263000  diff=+0.189ms
  cam6: 1776416164666122000  diff=+0.048ms
  cam7: 1776416164666130000  diff=+0.056ms
Saved /home/acerobotics/Development/zed8cam/python/checker_results/20260417_170754_00338_1776416164666570000.jpg

── Timestamp 1776416164707700000 ──
sampled=1776416164707700000  real_target(cam0)=1776416164701250000
  cam1: 1776416164701149000  diff=-0.101ms
  cam2: 1776416164700924000  diff=-0.326ms
  cam3: 1776416164701271000  diff=+0.021ms
  cam4: 1776416164700216000  diff=-1.034ms
  cam5: 1776416164699412000  diff=-1.838ms
  cam6: 1776416164699264000  diff=-1.986ms
  cam7: 1776416164699246000  diff=-2.004ms
Saved /home/acerobotics/Development/zed8cam/python/checker_results/20260417_170754_00339_1776416164707700000.jpg

── Timestamp 1776416164732800000 ──
sampled=1776416164732800000  real_target(cam0)=1776416164732547000
  cam1: 1776416164732638000  diff=+0.091ms
  cam2: 1776416164732595000  diff=+0.048ms
  cam3: 1776416164732658000  diff=+0.111ms
  cam4: 1776416164732582000  diff=+0.035ms
  cam5: 1776416164732624000  diff=+0.077ms
  cam6: 1776416164732590000  diff=+0.043ms
  cam7: 1776416164732585000  diff=+0.038ms
Saved /home/acerobotics/Development/zed8cam/python/checker_results/20260417_170754_00340_1776416164732800000.jpg

── Timestamp 1776416164752725000 ──
sampled=1776416164752725000  real_target(cam0)=1776416164766009000
  cam1: 1776416164768068000  diff=+2.059ms
  cam2: 1776416164765912000  diff=-0.097ms
  cam3: 1776416164767849000  diff=+1.840ms
  cam4: 1776416164765942000  diff=-0.067ms
  cam5: 1776416164765929000  diff=-0.080ms
  cam6: 1776416164765970000  diff=-0.039ms
  cam7: 1776416164765963000  diff=-0.046ms
Saved /home/acerobotics/Development/zed8cam/python/checker_results/20260417_170754_00341_1776416164752725000.jpg

── Timestamp 1776416164802729000 ──
sampled=1776416164802729000  real_target(cam0)=1776416164799348000
  cam1: 1776416164799359000  diff=+0.011ms
  cam2: 1776416164799320000  diff=-0.028ms
  cam3: 1776416164799549000  diff=+0.201ms
  cam4: 1776416164799287000  diff=-0.061ms
  cam5: 1776416164799355000  diff=+0.007ms
  cam6: 1776416164799312000  diff=-0.036ms
  cam7: 1776416164799300000  diff=-0.048ms
Saved /home/acerobotics/Development/zed8cam/python/checker_results/20260417_170754_00342_1776416164802729000.jpg

── Timestamp 1776416164827550000 ──
sampled=1776416164827550000  real_target(cam0)=1776416164832530000
  cam1: 1776416164832616000  diff=+0.086ms
  cam2: 1776416164832601000  diff=+0.071ms
  cam3: 1776416164832636000  diff=+0.106ms
  cam4: 1776416164832558000  diff=+0.028ms
  cam5: 1776416164832613000  diff=+0.083ms
  cam6: 1776416164832593000  diff=+0.063ms
  cam7: 1776416164832585000  diff=+0.055ms
Saved /home/acerobotics/Development/zed8cam/python/checker_results/20260417_170754_00343_1776416164827550000.jpg

── Timestamp 1776416164848212000 ──
sampled=1776416164848212000  real_target(cam0)=1776416164832530000
  cam1: 1776416164832616000  diff=+0.086ms
  cam2: 1776416164832601000  diff=+0.071ms
  cam3: 1776416164832636000  diff=+0.106ms
  cam4: 1776416164832558000  diff=+0.028ms
  cam5: 1776416164832613000  diff=+0.083ms
  cam6: 1776416164832593000  diff=+0.063ms
  cam7: 1776416164832585000  diff=+0.055ms
Saved /home/acerobotics/Development/zed8cam/python/checker_results/20260417_170754_00344_1776416164848212000.jpg

── Timestamp 1776416164888868000 ──
sampled=1776416164888868000  real_target(cam0)=1776416164899287000
  cam1: 1776416164899327000  diff=+0.040ms
  cam2: 1776416164899611000  diff=+0.324ms
  cam3: 1776416164899560000  diff=+0.273ms
  cam4: 1776416164899226000  diff=-0.061ms
  cam5: 1776416164899281000  diff=-0.006ms
  cam6: 1776416164899249000  diff=-0.038ms
  cam7: 1776416164899242000  diff=-0.045ms
Saved /home/acerobotics/Development/zed8cam/python/checker_results/20260417_170754_00345_1776416164888868000.jpg

── Timestamp 1776416164933267000 ──
sampled=1776416164933267000  real_target(cam0)=1776416164932610000
  cam1: 1776416164932653000  diff=+0.043ms
  cam2: 1776416164932582000  diff=-0.028ms
  cam3: 1776416164932644000  diff=+0.034ms
  cam4: 1776416164932541000  diff=-0.069ms
  cam5: 1776416164932629000  diff=+0.019ms
  cam6: 1776416164932569000  diff=-0.041ms
  cam7: 1776416164932560000  diff=-0.050ms
Saved /home/acerobotics/Development/zed8cam/python/checker_results/20260417_170754_00346_1776416164933267000.jpg

── Timestamp 1776416164963494000 ──
sampled=1776416164963494000  real_target(cam0)=1776416164965946000
  cam1: 1776416164965933000  diff=-0.013ms
  cam2: 1776416164965927000  diff=-0.019ms
  cam3: 1776416164965965000  diff=+0.019ms
  cam4: 1776416164965893000  diff=-0.053ms
  cam5: 1776416164965956000  diff=+0.010ms
  cam6: 1776416164965917000  diff=-0.029ms
  cam7: 1776416164965910000  diff=-0.036ms
Saved /home/acerobotics/Development/zed8cam/python/checker_results/20260417_170754_00347_1776416164963494000.jpg

── Timestamp 1776416164997769000 ──
sampled=1776416164997769000  real_target(cam0)=1776416164999235000
  cam1: 1776416164999246000  diff=+0.011ms
  cam2: 1776416164999227000  diff=-0.008ms
  cam3: 1776416164999317000  diff=+0.082ms
  cam4: 1776416164999267000  diff=+0.032ms
  cam5: 1776416164999266000  diff=+0.031ms
  cam6: 1776416164999210000  diff=-0.025ms
  cam7: 1776416164999203000  diff=-0.032ms
Saved /home/acerobotics/Development/zed8cam/python/checker_results/20260417_170754_00348_1776416164997769000.jpg

── Timestamp 1776416165037642000 ──
sampled=1776416165037642000  real_target(cam0)=1776416165032582000
  cam1: 1776416165032743000  diff=+0.161ms
  cam2: 1776416165032556000  diff=-0.026ms
  cam3: 1776416165032663000  diff=+0.081ms
  cam4: 1776416165032604000  diff=+0.022ms
  cam5: 1776416165032594000  diff=+0.012ms
  cam6: 1776416165032530000  diff=-0.052ms
  cam7: 1776416165032527000  diff=-0.055ms
Saved /home/acerobotics/Development/zed8cam/python/checker_results/20260417_170754_00349_1776416165037642000.jpg

── Timestamp 1776416165057779000 ──
sampled=1776416165057779000  real_target(cam0)=1776416165066161000
  cam1: 1776416165066132000  diff=-0.029ms
  cam2: 1776416165066118000  diff=-0.043ms
  cam3: 1776416165066161000  diff=+0.000ms
  cam4: 1776416165066189000  diff=+0.028ms
  cam5: 1776416165066145000  diff=-0.016ms
  cam6: 1776416165066531000  diff=+0.370ms
  cam7: 1776416165066184000  diff=+0.023ms
Saved /home/acerobotics/Development/zed8cam/python/checker_results/20260417_170754_00350_1776416165057779000.jpg

── Timestamp 1776416165107882000 ──
sampled=1776416165107882000  real_target(cam0)=1776416165099318000
  cam1: 1776416165099324000  diff=+0.006ms
  cam2: 1776416165099362000  diff=+0.044ms
  cam3: 1776416165099624000  diff=+0.306ms
  cam4: 1776416165099312000  diff=-0.006ms
  cam5: 1776416165099333000  diff=+0.015ms
  cam6: 1776416165099296000  diff=-0.022ms
  cam7: 1776416165099286000  diff=-0.032ms
Saved /home/acerobotics/Development/zed8cam/python/checker_results/20260417_170754_00351_1776416165107882000.jpg

── Timestamp 1776416165132569000 ──
sampled=1776416165132569000  real_target(cam0)=1776416165132572000
  cam1: 1776416165132881000  diff=+0.309ms
  cam2: 1776416165132563000  diff=-0.009ms
  cam3: 1776416165132595000  diff=+0.023ms
  cam4: 1776416165132604000  diff=+0.032ms
  cam5: 1776416165132840000  diff=+0.268ms
  cam6: 1776416165132794000  diff=+0.222ms
  cam7: 1776416165132527000  diff=-0.045ms
Saved /home/acerobotics/Development/zed8cam/python/checker_results/20260417_170754_00352_1776416165132569000.jpg

── Timestamp 1776416165163291000 ──
sampled=1776416165163291000  real_target(cam0)=1776416165165928000
  cam1: 1776416165165943000  diff=+0.015ms
  cam2: 1776416165165905000  diff=-0.023ms
  cam3: 1776416165165935000  diff=+0.007ms
  cam4: 1776416165165930000  diff=+0.002ms
  cam5: 1776416165165906000  diff=-0.022ms
  cam6: 1776416165165873000  diff=-0.055ms
  cam7: 1776416165165860000  diff=-0.068ms
Saved /home/acerobotics/Development/zed8cam/python/checker_results/20260417_170754_00353_1776416165163291000.jpg

── Timestamp 1776416165198631000 ──
sampled=1776416165198631000  real_target(cam0)=1776416165199479000
  cam1: 1776416165199504000  diff=+0.025ms
  cam2: 1776416165199510000  diff=+0.031ms
  cam3: 1776416165199551000  diff=+0.072ms
  cam4: 1776416165199454000  diff=-0.025ms
  cam5: 1776416165199487000  diff=+0.008ms
  cam6: 1776416165199464000  diff=-0.015ms
  cam7: 1776416165199593000  diff=+0.114ms
Saved /home/acerobotics/Development/zed8cam/python/checker_results/20260417_170754_00354_1776416165198631000.jpg

── Timestamp 1776416165243815000 ──
sampled=1776416165243815000  real_target(cam0)=1776416165232582000
  cam1: 1776416165232587000  diff=+0.005ms
  cam2: 1776416165232569000  diff=-0.013ms
  cam3: 1776416165232629000  diff=+0.047ms
  cam4: 1776416165232783000  diff=+0.201ms
  cam5: 1776416165232594000  diff=+0.012ms
  cam6: 1776416165232534000  diff=-0.048ms
  cam7: 1776416165232523000  diff=-0.059ms
Saved /home/acerobotics/Development/zed8cam/python/checker_results/20260417_170754_00355_1776416165243815000.jpg

── Timestamp 1776416165268442000 ──
sampled=1776416165268442000  real_target(cam0)=1776416165265887000
  cam1: 1776416165265897000  diff=+0.010ms
  cam2: 1776416165265876000  diff=-0.011ms
  cam3: 1776416165265961000  diff=+0.074ms
  cam4: 1776416165266153000  diff=+0.266ms
  cam5: 1776416165265896000  diff=+0.009ms
  cam6: 1776416165265921000  diff=+0.034ms
  cam7: 1776416165265851000  diff=-0.036ms
Saved /home/acerobotics/Development/zed8cam/python/checker_results/20260417_170754_00356_1776416165268442000.jpg

── Timestamp 1776416165288580000 ──
sampled=1776416165288580000  real_target(cam0)=1776416165299247000
  cam1: 1776416165299260000  diff=+0.013ms
  cam2: 1776416165300320000  diff=+1.073ms
  cam3: 1776416165299280000  diff=+0.033ms
  cam4: 1776416165299509000  diff=+0.262ms
  cam5: 1776416165299248000  diff=+0.001ms
  cam6: 1776416165299209000  diff=-0.038ms
  cam7: 1776416165299202000  diff=-0.045ms
Saved /home/acerobotics/Development/zed8cam/python/checker_results/20260417_170754_00357_1776416165288580000.jpg

── Timestamp 1776416165313705000 ──
sampled=1776416165313705000  real_target(cam0)=1776416165299247000
  cam1: 1776416165299260000  diff=+0.013ms
  cam2: 1776416165300320000  diff=+1.073ms
  cam3: 1776416165299280000  diff=+0.033ms
  cam4: 1776416165299509000  diff=+0.262ms
  cam5: 1776416165299248000  diff=+0.001ms
  cam6: 1776416165299209000  diff=-0.038ms
  cam7: 1776416165299202000  diff=-0.045ms
Saved /home/acerobotics/Development/zed8cam/python/checker_results/20260417_170754_00358_1776416165313705000.jpg

── Timestamp 1776416165359626000 ──
sampled=1776416165359626000  real_target(cam0)=1776416165365891000
  cam1: 1776416165366129000  diff=+0.238ms
  cam2: 1776416165365886000  diff=-0.005ms
  cam3: 1776416165365908000  diff=+0.017ms
  cam4: 1776416165366107000  diff=+0.216ms
  cam5: 1776416165365893000  diff=+0.002ms
  cam6: 1776416165365937000  diff=+0.046ms
  cam7: 1776416165365841000  diff=-0.050ms
Saved /home/acerobotics/Development/zed8cam/python/checker_results/20260417_170754_00359_1776416165359626000.jpg

── Timestamp 1776416165384018000 ──
sampled=1776416165384018000  real_target(cam0)=1776416165399220000
  cam1: 1776416165399432000  diff=+0.212ms
  cam2: 1776416165399210000  diff=-0.010ms
  cam3: 1776416165399263000  diff=+0.043ms
  cam4: 1776416165399430000  diff=+0.210ms
  cam5: 1776416165399240000  diff=+0.020ms
  cam6: 1776416165399252000  diff=+0.032ms
  cam7: 1776416165399180000  diff=-0.040ms
Saved /home/acerobotics/Development/zed8cam/python/checker_results/20260417_170754_00360_1776416165384018000.jpg

── Timestamp 1776416165424402000 ──
sampled=1776416165424402000  real_target(cam0)=1776416165432574000
  cam1: 1776416165432600000  diff=+0.026ms
  cam2: 1776416165432536000  diff=-0.038ms
  cam3: 1776416165432575000  diff=+0.001ms
  cam4: 1776416165432609000  diff=+0.035ms
  cam5: 1776416165432558000  diff=-0.016ms
  cam6: 1776416165432675000  diff=+0.101ms
  cam7: 1776416165432505000  diff=-0.069ms
Saved /home/acerobotics/Development/zed8cam/python/checker_results/20260417_170754_00361_1776416165424402000.jpg

── Timestamp 1776416165449080000 ──
sampled=1776416165449080000  real_target(cam0)=1776416165432574000
  cam1: 1776416165432600000  diff=+0.026ms
  cam2: 1776416165432536000  diff=-0.038ms
  cam3: 1776416165432575000  diff=+0.001ms
  cam4: 1776416165432609000  diff=+0.035ms
  cam5: 1776416165432558000  diff=-0.016ms
  cam6: 1776416165432675000  diff=+0.101ms
  cam7: 1776416165432505000  diff=-0.069ms
Saved /home/acerobotics/Development/zed8cam/python/checker_results/20260417_170754_00362_1776416165449080000.jpg

── Timestamp 1776416165494250000 ──
sampled=1776416165494250000  real_target(cam0)=1776416165499240000
  cam1: 1776416165499269000  diff=+0.029ms
  cam2: 1776416165499260000  diff=+0.020ms
  cam3: 1776416165499166000  diff=-0.074ms
  cam4: 1776416165499207000  diff=-0.033ms
  cam5: 1776416165499245000  diff=+0.005ms
  cam6: 1776416165499218000  diff=-0.022ms
  cam7: 1776416165499276000  diff=+0.036ms
Saved /home/acerobotics/Development/zed8cam/python/checker_results/20260417_170754_00363_1776416165494250000.jpg

── Timestamp 1776416165534658000 ──
sampled=1776416165534658000  real_target(cam0)=1776416165532577000
  cam1: 1776416165533126000  diff=+0.549ms
  cam2: 1776416165532572000  diff=-0.005ms
  cam3: 1776416165532507000  diff=-0.070ms
  cam4: 1776416165532543000  diff=-0.034ms
  cam5: 1776416165532594000  diff=+0.017ms
  cam6: 1776416165532551000  diff=-0.026ms
  cam7: 1776416165532535000  diff=-0.042ms
Saved /home/acerobotics/Development/zed8cam/python/checker_results/20260417_170754_00364_1776416165534658000.jpg

── Timestamp 1776416165559824000 ──
sampled=1776416165559824000  real_target(cam0)=1776416165565923000
  cam1: 1776416165566919000  diff=+0.996ms
  cam2: 1776416165565915000  diff=-0.008ms
  cam3: 1776416165565836000  diff=-0.087ms
  cam4: 1776416165565893000  diff=-0.030ms
  cam5: 1776416165566032000  diff=+0.109ms
  cam6: 1776416165565887000  diff=-0.036ms
  cam7: 1776416165565878000  diff=-0.045ms
Saved /home/acerobotics/Development/zed8cam/python/checker_results/20260417_170754_00365_1776416165559824000.jpg

── Timestamp 1776416165599611000 ──
sampled=1776416165599611000  real_target(cam0)=1776416165599237000
  cam1: 1776416165599343000  diff=+0.106ms
  cam2: 1776416165599467000  diff=+0.230ms
  cam3: 1776416165599168000  diff=-0.069ms
  cam4: 1776416165599206000  diff=-0.031ms
  cam5: 1776416165599242000  diff=+0.005ms
  cam6: 1776416165599213000  diff=-0.024ms
  cam7: 1776416165599198000  diff=-0.039ms
Saved /home/acerobotics/Development/zed8cam/python/checker_results/20260417_170754_00366_1776416165599611000.jpg

── Timestamp 1776416165619674000 ──
sampled=1776416165619674000  real_target(cam0)=1776416165632568000
  cam1: 1776416165632589000  diff=+0.021ms
  cam2: 1776416165632613000  diff=+0.045ms
  cam3: 1776416165632510000  diff=-0.058ms
  cam4: 1776416165632557000  diff=-0.011ms
  cam5: 1776416165632598000  diff=+0.030ms
  cam6: 1776416165632547000  diff=-0.021ms
  cam7: 1776416165632539000  diff=-0.029ms
Saved /home/acerobotics/Development/zed8cam/python/checker_results/20260417_170754_00367_1776416165619674000.jpg

── Timestamp 1776416165665151000 ──
sampled=1776416165665151000  real_target(cam0)=1776416165665911000
  cam1: 1776416165666138000  diff=+0.227ms
  cam2: 1776416165665888000  diff=-0.023ms
  cam3: 1776416165665920000  diff=+0.009ms
  cam4: 1776416165665857000  diff=-0.054ms
  cam5: 1776416165665892000  diff=-0.019ms
  cam6: 1776416165665935000  diff=+0.024ms
  cam7: 1776416165665925000  diff=+0.014ms
Saved /home/acerobotics/Development/zed8cam/python/checker_results/20260417_170754_00368_1776416165665151000.jpg

── Timestamp 1776416165710337000 ──
sampled=1776416165710337000  real_target(cam0)=1776416165699238000
  cam1: 1776416165699259000  diff=+0.021ms
  cam2: 1776416165699226000  diff=-0.012ms
  cam3: 1776416165699784000  diff=+0.546ms
  cam4: 1776416165699177000  diff=-0.061ms
  cam5: 1776416165699251000  diff=+0.013ms
  cam6: 1776416165699270000  diff=+0.032ms
  cam7: 1776416165699296000  diff=+0.058ms
Saved /home/acerobotics/Development/zed8cam/python/checker_results/20260417_170754_00369_1776416165710337000.jpg

── Timestamp 1776416165730997000 ──
sampled=1776416165730997000  real_target(cam0)=1776416165732565000
  cam1: 1776416165732581000  diff=+0.016ms
  cam2: 1776416165732537000  diff=-0.028ms
  cam3: 1776416165732591000  diff=+0.026ms
  cam4: 1776416165732517000  diff=-0.048ms
  cam5: 1776416165732574000  diff=+0.009ms
  cam6: 1776416165732606000  diff=+0.041ms
  cam7: 1776416165732597000  diff=+0.032ms
Saved /home/acerobotics/Development/zed8cam/python/checker_results/20260417_170754_00370_1776416165730997000.jpg

── Timestamp 1776416165760199000 ──
sampled=1776416165760199000  real_target(cam0)=1776416165765876000
  cam1: 1776416165765894000  diff=+0.018ms
  cam2: 1776416165766434000  diff=+0.558ms
  cam3: 1776416165765904000  diff=+0.028ms
  cam4: 1776416165765839000  diff=-0.037ms
  cam5: 1776416165765913000  diff=+0.037ms
  cam6: 1776416165765962000  diff=+0.086ms
  cam7: 1776416165765953000  diff=+0.077ms
Saved /home/acerobotics/Development/zed8cam/python/checker_results/20260417_170754_00371_1776416165760199000.jpg

── Timestamp 1776416165784993000 ──
sampled=1776416165784993000  real_target(cam0)=1776416165799395000
  cam1: 1776416165799515000  diff=+0.120ms
  cam2: 1776416165799404000  diff=+0.009ms
  cam3: 1776416165799417000  diff=+0.022ms
  cam4: 1776416165799391000  diff=-0.004ms
  cam5: 1776416165799585000  diff=+0.190ms
  cam6: 1776416165799382000  diff=-0.013ms
  cam7: 1776416165799376000  diff=-0.019ms
Saved /home/acerobotics/Development/zed8cam/python/checker_results/20260417_170754_00372_1776416165784993000.jpg

── Timestamp 1776416165834828000 ──
sampled=1776416165834828000  real_target(cam0)=1776416165832567000
  cam1: 1776416165832589000  diff=+0.022ms
  cam2: 1776416165832562000  diff=-0.005ms
  cam3: 1776416165832505000  diff=-0.062ms
  cam4: 1776416165832536000  diff=-0.031ms
  cam5: 1776416165832821000  diff=+0.254ms
  cam6: 1776416165832548000  diff=-0.019ms
  cam7: 1776416165832533000  diff=-0.034ms
Saved /home/acerobotics/Development/zed8cam/python/checker_results/20260417_170754_00373_1776416165834828000.jpg

── Timestamp 1776416165875168000 ──
sampled=1776416165875168000  real_target(cam0)=1776416165865906000
  cam1: 1776416165865924000  diff=+0.018ms
  cam2: 1776416165865900000  diff=-0.006ms
  cam3: 1776416165865837000  diff=-0.069ms
  cam4: 1776416165865890000  diff=-0.016ms
  cam5: 1776416165866159000  diff=+0.253ms
  cam6: 1776416165865878000  diff=-0.028ms
  cam7: 1776416165865867000  diff=-0.039ms
Saved /home/acerobotics/Development/zed8cam/python/checker_results/20260417_170754_00374_1776416165875168000.jpg

── Timestamp 1776416165896956000 ──
sampled=1776416165896956000  real_target(cam0)=1776416165899408000
  cam1: 1776416165899436000  diff=+0.028ms
  cam2: 1776416165899765000  diff=+0.357ms
  cam3: 1776416165899163000  diff=-0.245ms
  cam4: 1776416165899202000  diff=-0.206ms
  cam5: 1776416165899865000  diff=+0.457ms
  cam6: 1776416165899229000  diff=-0.179ms
  cam7: 1776416165899661000  diff=+0.253ms
Saved /home/acerobotics/Development/zed8cam/python/checker_results/20260417_170754_00375_1776416165896956000.jpg

── Timestamp 1776416165921424000 ──
sampled=1776416165921424000  real_target(cam0)=1776416165932745000
  cam1: 1776416165932748000  diff=+0.003ms
  cam2: 1776416165932729000  diff=-0.016ms
  cam3: 1776416165932760000  diff=+0.015ms
  cam4: 1776416165932787000  diff=+0.042ms
  cam5: 1776416165932734000  diff=-0.011ms
  cam6: 1776416165932981000  diff=+0.236ms
  cam7: 1776416165932763000  diff=+0.018ms
Saved /home/acerobotics/Development/zed8cam/python/checker_results/20260417_170754_00376_1776416165921424000.jpg

── Timestamp 1776416165946734000 ──
sampled=1776416165946734000  real_target(cam0)=1776416165932745000
  cam1: 1776416165932748000  diff=+0.003ms
  cam2: 1776416165932729000  diff=-0.016ms
  cam3: 1776416165932760000  diff=+0.015ms
  cam4: 1776416165932787000  diff=+0.042ms
  cam5: 1776416165932734000  diff=-0.011ms
  cam6: 1776416165932981000  diff=+0.236ms
  cam7: 1776416165932763000  diff=+0.018ms
Saved /home/acerobotics/Development/zed8cam/python/checker_results/20260417_170754_00377_1776416165946734000.jpg

── Timestamp 1776416165996942000 ──
sampled=1776416165996942000  real_target(cam0)=1776416165999235000
  cam1: 1776416165999240000  diff=+0.005ms
  cam2: 1776416165999226000  diff=-0.009ms
  cam3: 1776416165999164000  diff=-0.071ms
  cam4: 1776416165999211000  diff=-0.024ms
  cam5: 1776416165999248000  diff=+0.013ms
  cam6: 1776416165999260000  diff=+0.025ms
  cam7: 1776416165999194000  diff=-0.041ms
Saved /home/acerobotics/Development/zed8cam/python/checker_results/20260417_170754_00378_1776416165996942000.jpg

── Timestamp 1776416166022199000 ──
sampled=1776416166022199000  real_target(cam0)=1776416166032546000
  cam1: 1776416166032550000  diff=+0.004ms
  cam2: 1776416166032536000  diff=-0.010ms
  cam3: 1776416166032572000  diff=+0.026ms
  cam4: 1776416166032604000  diff=+0.058ms
  cam5: 1776416166032560000  diff=+0.014ms
  cam6: 1776416166032693000  diff=+0.147ms
  cam7: 1776416166032503000  diff=-0.043ms
Saved /home/acerobotics/Development/zed8cam/python/checker_results/20260417_170754_00379_1776416166022199000.jpg

── Timestamp 1776416166067134000 ──
sampled=1776416166067134000  real_target(cam0)=1776416166065897000
  cam1: 1776416166065904000  diff=+0.007ms
  cam2: 1776416166065880000  diff=-0.017ms
  cam3: 1776416166065928000  diff=+0.031ms
  cam4: 1776416166065938000  diff=+0.041ms
  cam5: 1776416166065912000  diff=+0.015ms
  cam6: 1776416166065969000  diff=+0.072ms
  cam7: 1776416166065852000  diff=-0.045ms
Saved /home/acerobotics/Development/zed8cam/python/checker_results/20260417_170754_00380_1776416166067134000.jpg

── Timestamp 1776416166092193000 ──
sampled=1776416166092193000  real_target(cam0)=1776416166099233000
  cam1: 1776416166099238000  diff=+0.005ms
  cam2: 1776416166099209000  diff=-0.024ms
  cam3: 1776416166099254000  diff=+0.021ms
  cam4: 1776416166099262000  diff=+0.029ms
  cam5: 1776416166101024000  diff=+1.791ms
  cam6: 1776416166099295000  diff=+0.062ms
  cam7: 1776416166099777000  diff=+0.544ms
Saved /home/acerobotics/Development/zed8cam/python/checker_results/20260417_170754_00381_1776416166092193000.jpg

── Timestamp 1776416166142127000 ──
sampled=1776416166142127000  real_target(cam0)=1776416166132566000
  cam1: 1776416166132633000  diff=+0.067ms
  cam2: 1776416166132544000  diff=-0.022ms
  cam3: 1776416166132578000  diff=+0.012ms
  cam4: 1776416166132648000  diff=+0.082ms
  cam5: 1776416166132571000  diff=+0.005ms
  cam6: 1776416166132808000  diff=+0.242ms
  cam7: 1776416166132497000  diff=-0.069ms
Saved /home/acerobotics/Development/zed8cam/python/checker_results/20260417_170754_00382_1776416166142127000.jpg

── Timestamp 1776416166166390000 ──
sampled=1776416166166390000  real_target(cam0)=1776416166165874000
  cam1: 1776416166165881000  diff=+0.007ms
  cam2: 1776416166166182000  diff=+0.308ms
  cam3: 1776416166165890000  diff=+0.016ms
  cam4: 1776416166166154000  diff=+0.280ms
  cam5: 1776416166166299000  diff=+0.425ms
  cam6: 1776416166166165000  diff=+0.291ms
  cam7: 1776416166165965000  diff=+0.091ms
Saved /home/acerobotics/Development/zed8cam/python/checker_results/20260417_170754_00383_1776416166166390000.jpg

── Timestamp 1776416166186816000 ──
sampled=1776416166186816000  real_target(cam0)=1776416166199218000
  cam1: 1776416166199466000  diff=+0.248ms
  cam2: 1776416166199213000  diff=-0.005ms
  cam3: 1776416166199238000  diff=+0.020ms
  cam4: 1776416166199447000  diff=+0.229ms
  cam5: 1776416166199369000  diff=+0.151ms
  cam6: 1776416166199269000  diff=+0.051ms
  cam7: 1776416166199176000  diff=-0.042ms
Saved /home/acerobotics/Development/zed8cam/python/checker_results/20260417_170754_00384_1776416166186816000.jpg

── Timestamp 1776416166231727000 ──
sampled=1776416166231727000  real_target(cam0)=1776416166232543000
  cam1: 1776416166232553000  diff=+0.010ms
  cam2: 1776416166232557000  diff=+0.014ms
  cam3: 1776416166232602000  diff=+0.059ms
  cam4: 1776416166233582000  diff=+1.039ms
  cam5: 1776416166233428000  diff=+0.885ms
  cam6: 1776416166232825000  diff=+0.282ms
  cam7: 1776416166232490000  diff=-0.053ms
Saved /home/acerobotics/Development/zed8cam/python/checker_results/20260417_170754_00385_1776416166231727000.jpg

── Timestamp 1776416166256388000 ──
sampled=1776416166256388000  real_target(cam0)=1776416166268647000
  cam1: 1776416166265886000  diff=-2.761ms
  cam2: 1776416166265878000  diff=-2.769ms
  cam3: 1776416166265896000  diff=-2.751ms
  cam4: 1776416166266166000  diff=-2.481ms
  cam5: 1776416166266019000  diff=-2.628ms
  cam6: 1776416166266284000  diff=-2.363ms
  cam7: 1776416166265829000  diff=-2.818ms
Saved /home/acerobotics/Development/zed8cam/python/checker_results/20260417_170754_00386_1776416166256388000.jpg

── Timestamp 1776416166306418000 ──
sampled=1776416166306418000  real_target(cam0)=1776416166299174000
  cam1: 1776416166299247000  diff=+0.073ms
  cam2: 1776416166299242000  diff=+0.068ms
  cam3: 1776416166299275000  diff=+0.101ms
  cam4: 1776416166299211000  diff=+0.037ms
  cam5: 1776416166299602000  diff=+0.428ms
  cam6: 1776416166299427000  diff=+0.253ms
  cam7: 1776416166299158000  diff=-0.016ms
Saved /home/acerobotics/Development/zed8cam/python/checker_results/20260417_170754_00387_1776416166306418000.jpg

── Timestamp 1776416166331703000 ──
sampled=1776416166331703000  real_target(cam0)=1776416166332736000
